actual,predicted,absolute_difference,predicted_category,actual_category,category_match,score_comparison,within_10_percent,within_20_percent
0.0226199999451637,0.0311660189181566,0.0085460189729929,low,low,yes,same,False,False
0.0002600000007078,0.0031816167756915,0.0029216167749837,low,low,yes,same,False,False
0.830269992351532,0.8369427919387817,0.006672799587249756,high,high,yes,same,True,True
0.001700000022538,0.035017967224121,0.033317967201583,low,low,yes,same,False,False
0.0004299999854993,0.0031084276270121,0.0026784276415128,low,low,yes,same,False,False
0.0004299999854993,0.0018604376818984,0.0014304376963991002,low,low,yes,same,False,False
0.3505499958992004,0.7049673199653625,0.35441732406616216,high,medium,no,lower,False,False
0.001979999942705,0.0108864502981305,0.0089064503554255,low,low,yes,same,False,False
0.0004299999854993,0.000830499920994,0.0004004999354947,low,low,yes,same,False,False
0.0004299999854993,0.0005703562055714,0.00014035622007210004,low,low,yes,same,False,False
0.0088499998673796,0.0058189248666167,0.0030310750007628996,low,low,yes,same,False,False
0.1370500028133392,0.2380899488925933,0.1010399460792541,medium,medium,yes,same,False,False
0.0432499982416629,0.0413917079567909,0.0018582902848719995,low,low,yes,same,True,True
0.0113599998876452,0.0097550870850682,0.0016049128025769997,low,low,yes,same,False,True
0.0036299999337643,0.0071272263303399,0.0034972263965756,low,low,yes,same,False,False
0.013600000180304,0.0096927052363753,0.0039072949439286995,low,low,yes,same,False,False
0.0004299999854993,0.0059746499173343,0.005544649931835,low,low,yes,same,False,False
0.000609999988228,0.0119363106787204,0.0113263106904924,low,low,yes,same,False,False
0.0001500000071246,0.000596054655034,0.00044605464790939994,low,low,yes,same,False,False
0.1973699927330017,0.2380899488925933,0.04071995615959159,medium,medium,yes,same,False,True
0.0053599998354911,0.0066348840482532,0.0012748842127621,low,low,yes,same,False,True
0.0004299999854993,0.0006610998534597,0.00023109986796040002,low,low,yes,same,False,False
0.0036899999249726,0.0120641691610217,0.008374169236049101,low,low,yes,same,False,False
0.0035300001036375,0.0031561660580337,0.0003738340456038002,low,low,yes,same,False,True
0.1532499939203262,0.2610281407833099,0.10777814686298368,medium,medium,yes,same,False,False
0.0002099999983329,0.0031735349912196,0.0029635349928867,low,low,yes,same,False,False
0.0018799999961629,0.0263284649699926,0.0244484649738297,low,low,yes,same,False,False
0.001300000003539,0.0039810216985642,0.0026810216950252,low,low,yes,same,False,False
0.3454099893569946,0.3419026136398315,0.003507375717163086,medium,medium,yes,same,True,True
0.0004299999854993,0.0413718298077583,0.040941829822258996,low,low,yes,same,False,False
0.0002099999983329,0.0030228071846067,0.0028128071862738,low,low,yes,same,False,False
0.1720499992370605,0.8173052072525024,0.6452552080154419,high,medium,no,lower,False,False
0.0003100000030826,0.0226606335490942,0.0223506335460116,low,low,yes,same,False,False
0.0263100005686283,0.0184267498552799,0.007883250713348399,low,low,yes,same,False,False
0.0001800000027287,0.0019264202564954,0.0017464202537667002,low,low,yes,same,False,False
0.0004299999854993,0.3118036389350891,0.3113736389495898,medium,low,no,lower,False,False
0.0014799999771639,0.1409467160701751,0.1394667160930112,medium,low,no,lower,False,False
0.0002300000051036,0.0019019056344404,0.0016719056293368,low,low,yes,same,False,False
9.000000136438757e-05,0.0018037878908216,0.0017137878894572123,low,low,yes,same,False,False
0.0001999999949475,0.0058914511464536,0.0056914511515060995,low,low,yes,same,False,False
0.001189999980852,0.0066174212843179,0.0054274213034659,low,low,yes,same,False,False
0.0004299999854993,0.0034520977642387,0.0030220977787394,low,low,yes,same,False,False
0.0004299999854993,0.0067980596795678,0.0063680596940685,low,low,yes,same,False,False
0.0003000000142492,0.0032608467154204,0.0029608467011712,low,low,yes,same,False,False
0.0004299999854993,0.0010830335086211,0.0006530335231218001,low,low,yes,same,False,False
0.0007500000065192,0.0033328607678413,0.0025828607613221,low,low,yes,same,False,False
0.0004299999854993,0.0031096276361495,0.0026796276506502,low,low,yes,same,False,False
0.0054100002162158,0.0060016014613211,0.0005916012451052995,low,low,yes,same,True,True
0.0001699999993434,0.0005749886622652,0.0004049886629217999,low,low,yes,same,False,False
0.0002800000074785,0.0011660074815154,0.0008860074740369,low,low,yes,same,False,False
0.002820000052452,0.003471604315564,0.0006516042631120001,low,low,yes,same,False,True
0.048089999705553,0.0492840409278869,0.0011940412223339011,low,low,yes,same,True,True
0.0377900004386901,0.0327892266213893,0.0050007738173008034,low,low,yes,same,False,True
0.9094899892807008,0.8955479860305786,0.013942003250122181,high,high,yes,same,True,True
0.0009500000160187,0.0031382944434881,0.0021882944274694,low,low,yes,same,False,False
0.0161799993366003,0.0403792820870876,0.024199282750487296,low,low,yes,same,False,False
0.0006999999750405,0.0012273974716663,0.0005273974966258,low,low,yes,same,False,False
7.999999797903001e-05,0.003906225785613,0.00382622578763397,low,low,yes,same,False,False
0.0004299999854993,0.0014402528759092,0.0010102528904099,low,low,yes,same,False,False
0.0004299999854993,0.0048449272289872,0.0044149272434879,low,low,yes,same,False,False
0.0004299999854993,0.0024828694295138,0.0020528694440144998,low,low,yes,same,False,False
0.1832800060510635,0.1806276589632034,0.0026523470878601074,medium,medium,yes,same,True,True
0.9345300197601318,0.8341431617736816,0.1003868579864502,high,high,yes,same,False,True
0.00044999999227,0.0001371254911646,0.0003128745011054,low,low,yes,same,False,False
0.0019700000993907,0.004414805676788,0.0024448055773972997,low,low,yes,same,False,False
0.0778300017118454,0.0641725584864616,0.0136574432253838,low,low,yes,same,False,False
0.2052199989557266,0.2235508561134338,0.018330857157707214,medium,medium,yes,same,True,True
0.0005300000193528,0.0035260277800261,0.0029960277606732996,low,low,yes,same,False,False
0.0055399998091161,0.1127821505069732,0.1072421506978571,medium,low,no,lower,False,False
0.0003499999875202,0.0018321395618841,0.0014821395743639001,low,low,yes,same,False,False
0.1615500003099441,0.0066048721782863,0.15494512813165778,low,medium,no,higher,False,False
0.3338100016117096,0.3314638137817383,0.0023461878299713135,medium,medium,yes,same,True,True
0.0005000000237487,0.0076801148243248,0.007180114800576101,low,low,yes,same,False,False
0.0100499996915459,0.006764686666429,0.0032853130251169005,low,low,yes,same,False,False
0.0007699999841861,0.0028160531073808,0.0020460531231947,low,low,yes,same,False,False
0.0004600000102072,0.0016717026010155,0.0012117025908083,low,low,yes,same,False,False
0.0008200000156648,0.0040273619815707,0.0032073619659059,low,low,yes,same,False,False
0.0052399998530745,0.0054896180517971,0.00024961819872260007,low,low,yes,same,True,True
0.0094999996945261,0.0376970022916793,0.0281970025971532,low,low,yes,same,False,False
0.0003999999898951,0.0029192939400672,0.0025192939501721004,low,low,yes,same,False,False
0.0003999999898951,0.0226585399359464,0.022258539946051297,low,low,yes,same,False,False
0.0004299999854993,0.0011511490447446,0.0007211490592453,low,low,yes,same,False,False
0.0009100000024773,0.0018769304733723,0.000966930470895,low,low,yes,same,False,False
0.0040699997916817,0.0049029113724827,0.0008329115808010006,low,low,yes,same,False,True
0.0013899999903514,0.0183624140918254,0.016972414101473998,low,low,yes,same,False,False
0.0002300000051036,0.0018536089919507,0.0016236089868471,low,low,yes,same,False,False
0.0012600000482052,0.0224755331873893,0.0212155331391841,low,low,yes,same,False,False
0.0011399999493733,0.0019273482030257,0.0007873482536523999,low,low,yes,same,False,False
0.9439799785614014,0.8588742017745972,0.0851057767868042,high,high,yes,same,True,True
0.002820000052452,0.003471604315564,0.0006516042631120001,low,low,yes,same,False,True
0.9373000264167786,0.939833164215088,0.002533137798309437,high,high,yes,same,True,True
0.0003300000098533,0.0069443047977983,0.006614304787945,low,low,yes,same,False,False
0.0001900000061141,0.0014312213752418,0.0012412213691277,low,low,yes,same,False,False
0.0294100008904933,0.0299833174794912,0.0005733165889978999,low,low,yes,same,True,True
0.9333400130271912,0.6052728295326233,0.32806718349456787,medium,high,no,higher,False,False
0.0045300000347197,0.0027641342021524,0.0017658658325673004,low,low,yes,same,False,False
0.0088499998673796,0.0866255015134811,0.0777755016461015,low,low,yes,same,False,False
0.0007699999841861,0.0024612515699118,0.0016912515857256999,low,low,yes,same,False,False
0.0005300000193528,0.0031203925609588,0.002590392541606,low,low,yes,same,False,False
0.0561800003051757,0.0347557514905929,0.021424248814582797,low,low,yes,same,False,False
0.0362400002777576,0.011911149136722,0.024328851141035605,low,low,yes,same,False,False
0.0046500000171363,0.0013618292286992,0.0032881707884371,low,low,yes,same,False,False
0.0001699999993434,0.0311991646885871,0.0310291646892437,low,low,yes,same,False,False
0.0088499998673796,0.0058079343289136,0.0030420655384659993,low,low,yes,same,False,False
0.0055399998091161,0.1127821505069732,0.1072421506978571,medium,low,no,lower,False,False
0.0088499998673796,0.0057253311388194,0.0031246687285601997,low,low,yes,same,False,False
0.0019600000232458,0.0125884041190147,0.0106284040957689,low,low,yes,same,False,False
0.0004299999854993,0.0842565670609474,0.08382656707544811,low,low,yes,same,False,False
0.0005000000237487,0.0255199838429689,0.025019983819220198,low,low,yes,same,False,False
0.001300000003539,0.0013637949014082,6.379489786920004e-05,low,low,yes,same,True,True
0.9444100260734558,0.9470914006233216,0.0026813745498658337,high,high,yes,same,True,True
0.0020800000056624,0.0071882284246385,0.0051082284189761,low,low,yes,same,False,False
0.0087799998000264,0.0069238063879311,0.0018561934120952996,low,low,yes,same,False,False
0.0294100008904933,0.0299833174794912,0.0005733165889978999,low,low,yes,same,True,True
0.0005200000014156,0.001387471682392,0.0008674716809764,low,low,yes,same,False,False
0.0035099999513477,0.0049717994406819,0.0014617994893341996,low,low,yes,same,False,False
5.999999848427251e-05,0.0011596179101616,0.0010996179116773276,low,low,yes,same,False,False
0.9659900069236756,0.9581283330917358,0.007861673831939808,high,high,yes,same,True,True
0.0002500000118743,0.0028887277003377,0.0026387276884634,low,low,yes,same,False,False
0.0003699999942909,0.0335650108754634,0.0331950108811725,low,low,yes,same,False,False
0.6215299963951111,0.5938209295272827,0.02770906686782837,medium,medium,yes,same,True,True
0.0004299999854993,0.002434846246615,0.0020048462611157,low,low,yes,same,False,False
0.0101800002157688,0.009470117278397,0.0007098829373718002,low,low,yes,same,True,True
0.9444400072097778,0.9003973603248596,0.04404264688491821,high,high,yes,same,True,True
0.0113199995830655,0.0077393851242959,0.0035806144587695998,low,low,yes,same,False,False
0.0025299999397248,0.0047272741794586,0.0021972742397338,low,low,yes,same,False,False
0.9388399720191956,0.9414550065994264,0.002615034580230824,high,high,yes,same,True,True
0.0004299999854993,0.0011764499358832,0.0007464499503839,low,low,yes,same,False,False
0.9738500118255616,0.970732569694519,0.0031174421310425915,high,high,yes,same,True,True
0.973450005054474,0.9663586616516112,0.007091343402862771,high,high,yes,same,True,True
0.0005099999834783,0.0127610266208648,0.012251026637386501,low,low,yes,same,False,False
0.0003600000054575,0.0023708515800535,0.002010851574596,low,low,yes,same,False,False
0.6486799716949463,0.7758956551551819,0.1272156834602356,high,medium,no,lower,False,True
0.969980001449585,0.96196311712265,0.008016884326934925,high,high,yes,same,True,True
0.7681499719619751,0.7720909118652344,0.003940939903259277,high,high,yes,same,True,True
0.0004299999854993,0.0031553409062325,0.0027253409207332,low,low,yes,same,False,False
0.0471699982881546,0.0480802804231643,0.0009102821350096962,low,low,yes,same,True,True
0.0004199999966658,0.0027338967192918,0.002313896722626,low,low,yes,same,False,False
0.0088499998673796,0.0098200729116797,0.0009700730443001002,low,low,yes,same,True,True
0.0011099999537691,0.0077800429426133,0.0066700429888442,low,low,yes,same,False,False
0.0003499999875202,0.0023737349547445,0.0020237349672243003,low,low,yes,same,False,False
0.4620899856090545,0.4583242535591125,0.0037657320499420166,medium,medium,yes,same,True,True
0.0005000000237487,0.0061702579259872,0.005670257902238501,low,low,yes,same,False,False
0.0004299999854993,0.001456998521462,0.0010269985359627,low,low,yes,same,False,False
0.0004299999854993,0.0016667339950799,0.0012367340095806002,low,low,yes,same,False,False
0.0225200001150369,0.0174497589468956,0.005070241168141299,low,low,yes,same,False,False
0.0003900000010617,0.0006342547712847,0.00024425477022299997,low,low,yes,same,False,False
0.0004299999854993,0.0011026479769498,0.0006726479914505,low,low,yes,same,False,False
0.9627699851989746,0.9581283330917358,0.0046416521072387695,high,high,yes,same,True,True
0.1307400017976761,0.5812420845031738,0.45050208270549774,medium,medium,yes,same,False,False
0.0004299999854993,0.0028727711178362,0.0024427711323369,low,low,yes,same,False,False
0.0009699999936856,0.003922055941075,0.0029520559473894,low,low,yes,same,False,False
0.001689999946393,0.1437522321939468,0.14206223224755382,medium,low,no,lower,False,False
0.8726800084114075,0.1736791431903839,0.6990008652210236,medium,high,no,higher,False,False
0.925059974193573,0.9315114617347716,0.0064514875411986194,high,high,yes,same,True,True
0.000239999993937,0.002428482286632,0.002188482292695,low,low,yes,same,False,False
0.0003300000098533,0.0012510848464444,0.0009210848365911,low,low,yes,same,False,False
0.8811299800872803,0.8873292207717896,0.006199240684509277,high,high,yes,same,True,True
0.0001800000027287,0.0036455693189054,0.0034655693161766998,low,low,yes,same,False,False
0.0008200000156648,0.0058789583854377,0.0050589583697729,low,low,yes,same,False,False
0.0001199999969685,0.0357641838490963,0.035644183852127795,low,low,yes,same,False,False
0.0014600000577047,0.0069196014665067,0.005459601408802,low,low,yes,same,False,False
0.6755399703979492,0.640691876411438,0.03484809398651123,medium,medium,yes,same,True,True
0.0004299999854993,0.0012873619562014,0.0008573619707021001,low,low,yes,same,False,False
0.0005000000237487,0.0007635156507603,0.00026351562701160006,low,low,yes,same,False,False
0.0002800000074785,0.0039895279332995,0.003709527925821,low,low,yes,same,False,False
0.0004100000078324,0.0020730362739413,0.0016630362661089002,low,low,yes,same,False,False
0.0009100000024773,0.0004396536678541,0.00047034633462320004,low,low,yes,same,False,False
0.0005300000193528,0.0033462131395936,0.0028162131202407997,low,low,yes,same,False,False
0.00044999999227,0.0210163444280624,0.020566344435792402,low,low,yes,same,False,False
0.0002800000074785,0.0032050353474915,0.0029250353400130003,low,low,yes,same,False,False
0.0028299998957663,0.0044478834606707,0.0016178835649044002,low,low,yes,same,False,False
0.944230020046234,0.7798540592193604,0.16437596082687367,high,high,yes,same,False,False
0.0009800000116229,0.0022251594346016,0.0012451594229786998,low,low,yes,same,False,False
0.0004299999854993,0.0025258907116949,0.0020958907261955997,low,low,yes,same,False,False
0.0060499999672174,0.0023349670227617,0.0037150329444557003,low,low,yes,same,False,False
0.0001300000003539,0.0021895107347518,0.0020595107343979,low,low,yes,same,False,False
0.0127299996092915,0.005542991682887,0.0071870079264045,low,low,yes,same,False,False
0.0011800000211223,0.0273162871599197,0.026136287138797402,low,low,yes,same,False,False
0.0005099999834783,0.0102511942386627,0.009741194255184401,low,low,yes,same,False,False
0.0078900000080466,0.0039510796777904,0.003938920330256199,low,low,yes,same,False,False
0.002600000007078,0.0032535181380808,0.0006535181310028003,low,low,yes,same,False,False
0.0088499998673796,0.0081720212474465,0.0006779786199330989,low,low,yes,same,True,True
0.00044999999227,0.0053052580915391,0.0048552580992691,low,low,yes,same,False,False
0.0004299999854993,0.0026522078551352,0.0022222078696358997,low,low,yes,same,False,False
0.6849499940872192,0.2276604920625686,0.45728950202465063,medium,medium,yes,same,False,False
0.0051199998706579,0.0263284519314765,0.0212084520608186,low,low,yes,same,False,False
0.0012100000167265,0.0375833511352539,0.0363733511185274,low,low,yes,same,False,False
0.0110799996182322,0.0046188798733055,0.0064611197449267,low,low,yes,same,False,False
0.0009800000116229,0.0012530985986813,0.0002730985870584,low,low,yes,same,False,False
0.0029500001110136,0.0014973781071603,0.0014526220038533003,low,low,yes,same,False,False
0.9377800226211548,0.948113977909088,0.010333955287933239,high,high,yes,same,True,True
0.001300000003539,0.0027850049082189,0.0014850049046799,low,low,yes,same,False,False
0.0040899999439716,0.0072810286656022,0.0031910287216306,low,low,yes,same,False,False
0.0004299999854993,0.0074545051902532,0.0070245052047539,low,low,yes,same,False,False
0.0205899998545646,0.0311660189181566,0.010576019063591999,low,low,yes,same,False,False
0.0003100000030826,0.0017133385408669,0.0014033385377842998,low,low,yes,same,False,False
9.999999747378752e-05,0.0041474821045994,0.004047482107125613,low,low,yes,same,False,False
0.0005499999970197,0.0025132009759545,0.0019632009789348,low,low,yes,same,False,False
0.6071599721908569,0.6015547513961792,0.005605220794677734,medium,medium,yes,same,True,True
0.0004299999854993,0.4610529839992523,0.460622984013753,medium,low,no,lower,False,False
0.0003300000098533,0.0012510848464444,0.0009210848365911,low,low,yes,same,False,False
0.0033100000582635,0.005847489926964,0.0025374898687005004,low,low,yes,same,False,False
0.0006699999794363,0.0041372887790203,0.003467288799584,low,low,yes,same,False,False
0.0004299999854993,0.0073592732660472,0.0069292732805479006,low,low,yes,same,False,False
0.0287500005215406,0.1459021568298339,0.1171521563082933,medium,low,no,lower,False,False
0.0038600000552833,0.1127821505069732,0.1089221504516899,medium,low,no,lower,False,False
0.0007699999841861,0.0040737092494964,0.0033037092653103,low,low,yes,same,False,False
0.0005099999834783,0.0161792729049921,0.0156692729215138,low,low,yes,same,False,False
0.0194600000977516,0.2610281407833099,0.2415681406855583,medium,low,no,lower,False,False
0.0002899999963119,0.0004332652024459,0.000143265206134,low,low,yes,same,False,False
0.0001999999949475,0.0084943864494562,0.008294386454508699,low,low,yes,same,False,False
0.3949599862098694,0.4018070995807647,0.00684711337089533,medium,medium,yes,same,True,True
0.5604599714279175,0.1493459045886993,0.41111406683921814,medium,medium,yes,same,False,False
0.0006399999838322,0.0052389507181942,0.004598950734362,low,low,yes,same,False,False
0.0005399999790824,0.0034520977642387,0.0029120977851563,low,low,yes,same,False,False
0.0004299999854993,0.0032942364923655,0.0028642365068661997,low,low,yes,same,False,False
0.0007099999929778,0.0009260071674361,0.00021600717445829996,low,low,yes,same,False,False
0.0001800000027287,0.003432783531025,0.0032527835282963,low,low,yes,same,False,False
0.0883300006389617,0.0642044097185134,0.02412559092044829,low,low,yes,same,False,False
0.3205099999904632,0.2524392008781433,0.06807079911231989,medium,medium,yes,same,False,False
0.0008399999933317,0.0013651710469275,0.0005251710535958,low,low,yes,same,False,False
0.0104000000283122,0.0066048721782863,0.003795127850025899,low,low,yes,same,False,False
0.0003000000142492,0.0012790729524567,0.0009790729382074999,low,low,yes,same,False,False
0.0004699999990407,0.0012788305757567,0.000808830576716,low,low,yes,same,False,False
0.0011099999537691,0.0042301793582737,0.0031201794045046007,low,low,yes,same,False,False
0.0033599999733269,0.0036699187476187,0.0003099187742917997,low,low,yes,same,True,True
0.0004299999854993,0.003203134983778,0.0027731349982786997,low,low,yes,same,False,False
0.4530700147151947,0.5065840482711792,0.0535140335559845,medium,medium,yes,same,False,True
0.9376199841499328,0.9350659251213074,0.0025540590286253773,high,high,yes,same,True,True
0.0010499999625608,0.00461818696931,0.0035681870067492,low,low,yes,same,False,False
0.0004299999854993,0.0031485285144299,0.0027185285289306,low,low,yes,same,False,False
0.9442099928855896,0.5642109513282776,0.379999041557312,medium,high,no,higher,False,False
0.8924099802970886,0.3635652661323547,0.5288447141647339,medium,high,no,higher,False,False
0.0010600000387057,0.2411043345928192,0.2400443345541135,medium,low,no,lower,False,False
0.0004299999854993,0.0326749868690967,0.0322449868835974,low,low,yes,same,False,False
0.0012000000569969,0.0035445184912532,0.0023445184342563,low,low,yes,same,False,False
0.0255900006741285,0.1005994826555252,0.07500948198139669,medium,low,no,lower,False,False
0.0064599998295307,0.0080875186249613,0.0016275187954305995,low,low,yes,same,False,False
0.0006500000017695,0.0274907685816288,0.0268407685798593,low,low,yes,same,False,False
0.0003100000030826,0.0008820275543257,0.0005720275512431,low,low,yes,same,False,False
0.3892900049686432,0.2380899488925933,0.1512000560760499,medium,medium,yes,same,False,False
0.0013699999544769,0.0119485827162861,0.010578582761809199,low,low,yes,same,False,False
0.0117899999022483,0.077714167535305,0.0659241676330567,low,low,yes,same,False,False
0.0008699999889358,0.0035812945570796,0.0027112945681437997,low,low,yes,same,False,False
0.9426400065422058,0.9435972571372986,0.0009572505950927734,high,high,yes,same,True,True
0.0094999996945261,0.0081236362457275,0.001376363448798601,low,low,yes,same,False,True
0.0061200000345706,0.007996879518032,0.001876879483461399,low,low,yes,same,False,False
0.9750800132751464,0.8001569509506226,0.17492306232452381,high,high,yes,same,False,False
0.000609999988228,0.0427962392568588,0.0421862392686308,low,low,yes,same,False,False
0.0004299999854993,0.0036927773617208,0.0032627773762215,low,low,yes,same,False,False
0.0006500000017695,0.0016172272153198,0.0009672272135502999,low,low,yes,same,False,False
0.0004600000102072,0.0018779936945065,0.0014179936842993,low,low,yes,same,False,False
0.00044999999227,0.0009725199197418,0.0005225199274718,low,low,yes,same,False,False
0.2015299946069717,0.2020084112882614,0.0004784166812897006,medium,medium,yes,same,True,True
0.9439499974250792,0.4636997282505035,0.48025026917457575,medium,high,no,higher,False,False
0.0002600000007078,0.0154924299567937,0.0152324299560859,low,low,yes,same,False,False
0.0004299999854993,0.0006734885973855,0.0002434886118862,low,low,yes,same,False,False
0.0013500000350177,0.0071160327643156,0.0057660327292979,low,low,yes,same,False,False
0.9083300232887268,0.9113107323646544,0.0029807090759276234,high,high,yes,same,True,True
0.0001500000071246,0.008609008975327,0.008459008968202399,low,low,yes,same,False,False
0.0028099999763071,0.08611411601305,0.0833041160367429,low,low,yes,same,False,False
0.0016299999551847,0.0217228177934885,0.0200928178383038,low,low,yes,same,False,False
0.9217100143432616,0.9256808757781982,0.0039708614349366345,high,high,yes,same,True,True
0.0117800002917647,0.0104450806975364,0.001334919594228299,low,low,yes,same,False,True
0.0095399999991059,0.00539724342525,0.004142756573855901,low,low,yes,same,False,False
0.0001699999993434,0.001926417578943,0.0017564175795996,low,low,yes,same,False,False
0.0020999999251216,0.004589641932398,0.0024896420072764,low,low,yes,same,False,False
0.0005499999970197,0.0129301948472857,0.012380194850266,low,low,yes,same,False,False
0.0004699999990407,0.0139470314607024,0.0134770314616617,low,low,yes,same,False,False
0.0022400000598281,0.003845427185297,0.0016054271254689,low,low,yes,same,False,False
0.0001699999993434,0.0056428639218211,0.0054728639224777,low,low,yes,same,False,False
0.0035300001036375,0.0031561660580337,0.0003738340456038002,low,low,yes,same,False,True
0.0263400003314018,0.0164168011397123,0.009923199191689502,low,low,yes,same,False,False
0.0003000000142492,0.0052715977653861,0.0049715977511369,low,low,yes,same,False,False
0.0012600000482052,0.0058014183305203,0.0045414182823151,low,low,yes,same,False,False
0.00044999999227,0.0003097697335761,0.00014023025869390005,low,low,yes,same,False,False
0.0006399999838322,0.0041811997070908,0.0035411997232586,low,low,yes,same,False,False
0.0812100023031234,0.0559641867876052,0.025245815515518202,low,low,yes,same,False,False
0.0005499999970197,0.0011787158437073,0.0006287158466876001,low,low,yes,same,False,False
0.0418599992990493,0.0298305936157703,0.012029405683279003,low,low,yes,same,False,False
0.0242999996989965,0.0071882284246385,0.017111771274358,low,low,yes,same,False,False
0.0004600000102072,0.0298730880022048,0.0294130879919976,low,low,yes,same,False,False
0.0004299999854993,0.0016983373789116,0.0012683373934123002,low,low,yes,same,False,False
0.0242999996989965,0.0589591898024082,0.0346591901034117,low,low,yes,same,False,False
0.0004400000034365,0.0021140601020306,0.0016740600985941001,low,low,yes,same,False,False
3.9999998989515007e-05,0.0019207579316571,0.001880757932667585,low,low,yes,same,False,False
0.0003800000122282,0.0031735349912196,0.0027935349789914,low,low,yes,same,False,False
0.0004799999878741,0.0010434237774461,0.000563423789572,low,low,yes,same,False,False
0.0054600001312792,0.007996879518032,0.0025368793867527996,low,low,yes,same,False,False
0.6628000140190125,0.0027899341657757,0.6600100798532368,low,medium,no,higher,False,False
0.0003000000142492,0.0008219706942327,0.0005219706799834999,low,low,yes,same,False,False
0.002820000052452,0.003471604315564,0.0006516042631120001,low,low,yes,same,False,True
0.0011599999852478,0.0072464137338101,0.0060864137485622995,low,low,yes,same,False,False
0.0111300004646182,0.0069316634908318,0.004198336973786401,low,low,yes,same,False,False
0.000159999995958,0.0051659517921507,0.0050059517961927,low,low,yes,same,False,False
0.0030100001022219,0.0263284649699926,0.0233184648677707,low,low,yes,same,False,False
0.655019998550415,0.6528616547584534,0.00215834379196167,medium,medium,yes,same,True,True
0.0004299999854993,0.004125390201807,0.0036953902163077003,low,low,yes,same,False,False
0.9656800031661988,0.8001569509506226,0.16552305221557628,high,high,yes,same,False,False
0.0002099999983329,0.0030787589494138,0.0028687589510809,low,low,yes,same,False,False
0.0001400000037392,0.1917912662029266,0.1916512661991874,medium,low,no,lower,False,False
0.0002200000017182,0.0028600280638784,0.0026400280621602,low,low,yes,same,False,False
0.0006900000153109,0.0036588015500456,0.0029688015347347,low,low,yes,same,False,False
0.0016599999507889,0.0007698821718804,0.0008901177789084999,low,low,yes,same,False,False
0.0018899999558925,0.0042338464409112,0.0023438464850187002,low,low,yes,same,False,False
0.0001800000027287,0.1109108105301857,0.110730810527457,medium,low,no,lower,False,False
0.0009100000024773,0.0018003406003117,0.0008903405978343999,low,low,yes,same,False,False
0.0003000000142492,0.0015315084019675,0.0012315083877183,low,low,yes,same,False,False
0.9117500185966492,0.7660200595855713,0.14572995901107788,high,high,yes,same,False,True
0.0004299999854993,0.3602408766746521,0.3598108766891528,medium,low,no,lower,False,False
0.5475299954414368,0.5487244129180908,0.0011944174766540527,medium,medium,yes,same,True,True
0.3681800067424774,0.2380899488925933,0.13009005784988412,medium,medium,yes,same,False,False
0.0007500000065192,0.0053205210715532,0.004570521065034,low,low,yes,same,False,False
0.0005499999970197,0.0052494183182716,0.0046994183212518996,low,low,yes,same,False,False
0.8849300146102905,0.8898503184318542,0.004920303821563721,high,high,yes,same,True,True
0.0377900004386901,0.0290457420051097,0.008744258433580402,low,low,yes,same,False,False
0.0001900000061141,0.014358602464199,0.0141686024580849,low,low,yes,same,False,False
0.9439399838447572,0.6952396631240845,0.24870032072067272,medium,high,no,higher,False,False
0.0003999999898951,0.0007552051683887,0.00035520517849360004,low,low,yes,same,False,False
0.0003800000122282,0.0032602606806904,0.0028802606684622,low,low,yes,same,False,False
0.0007500000065192,0.0526233129203319,0.0518733129138127,low,low,yes,same,False,False
0.0003000000142492,0.0021278720814734,0.0018278720672241999,low,low,yes,same,False,False
0.9331799745559692,0.867339551448822,0.06584042310714722,high,high,yes,same,True,True
0.314980000257492,0.1350432187318802,0.17993678152561182,medium,medium,yes,same,False,False
0.0055999998003244,0.5841156840324402,0.5785156842321157,medium,low,no,lower,False,False
0.2291699945926666,0.2524392008781433,0.023269206285476712,medium,medium,yes,same,True,True
0.0272000003606081,0.0407864153385162,0.0135864149779081,low,low,yes,same,False,False
0.0362400002777576,0.1127821505069732,0.0765421502292156,medium,low,no,lower,False,False
0.0178599990904331,0.014451858587563,0.0034081405028701,low,low,yes,same,False,False
0.0115799997001886,0.0095487004145979,0.0020312992855907007,low,low,yes,same,False,False
0.0002099999983329,0.0031735349912196,0.0029635349928867,low,low,yes,same,False,False
0.8190600275993347,0.0263284649699926,0.7927315626293421,low,high,no,higher,False,False
0.9445499777793884,0.9466232657432556,0.0020732879638671875,high,high,yes,same,True,True
0.0088499998673796,0.0073259752243757,0.0015240246430038998,low,low,yes,same,False,False
0.0004299999854993,0.0039306455291807,0.0035006455436814,low,low,yes,same,False,False
0.0014400000218302,0.1297753453254699,0.1283353453036397,medium,low,no,lower,False,False
0.0007699999841861,0.0026363201905041,0.001866320206318,low,low,yes,same,False,False
0.8854699730873108,0.8711150288581848,0.014354944229125977,high,high,yes,same,True,True
0.8872900009155273,0.8906356692314148,0.003345668315887451,high,high,yes,same,True,True
0.9588500261306764,0.925614058971405,0.03323596715927135,high,high,yes,same,True,True
0.0004299999854993,0.0017624140018597,0.0013324140163604,low,low,yes,same,False,False
0.0178599990904331,0.014451858587563,0.0034081405028701,low,low,yes,same,False,False
0.0003900000010617,0.002736636204645,0.0023466362035833,low,low,yes,same,False,False
0.0003000000142492,0.0035862119402736,0.0032862119260244,low,low,yes,same,False,False
0.0002800000074785,0.0028853458352386,0.0026053458277601003,low,low,yes,same,False,False
0.0011299999896436,0.0106896767392754,0.0095596767496318,low,low,yes,same,False,False
0.016499999910593,0.0121694076806306,0.004330592229962401,low,low,yes,same,False,False
0.0006799999973736,0.0048418170772492,0.0041618170798756,low,low,yes,same,False,False
0.7891299724578857,0.7905956506729126,0.0014656782150268555,high,high,yes,same,True,True
0.0103599997237324,0.024306459352374,0.0139464596286416,low,low,yes,same,False,False
0.0005000000237487,0.0014771951828151,0.0009771951590664,low,low,yes,same,False,False
0.0001800000027287,0.0007939291535876,0.0006139291508589,low,low,yes,same,False,False
0.9433199763298036,0.9440321922302246,0.0007122159004210316,high,high,yes,same,True,True
0.8322799801826477,0.3786100149154663,0.4536699652671814,medium,high,no,higher,False,False
0.0362400002777576,0.1553960293531417,0.1191560290753841,medium,low,no,lower,False,False
0.002820000052452,0.003471604315564,0.0006516042631120001,low,low,yes,same,False,True
0.9443600177764891,0.9474076628684998,0.003047645092010609,high,high,yes,same,True,True
0.0103599997237324,0.1188264712691307,0.1084664715453983,medium,low,no,lower,False,False
0.0011500000255182,0.0044359611347317,0.0032859611092135002,low,low,yes,same,False,False
0.0005300000193528,0.0004999423399567,3.0057679396100034e-05,low,low,yes,same,True,True
0.0024600001052021,0.0031561660580337,0.0006961659528316,low,low,yes,same,False,False
0.0081399995833635,0.1185062080621719,0.11036620847880839,medium,low,no,lower,False,False
0.0004299999854993,0.0045527392067015,0.0041227392212022,low,low,yes,same,False,False
0.0020999999251216,0.0037231214810162,0.0016231215558946003,low,low,yes,same,False,False
0.0491800010204315,0.3075440227985382,0.2583640217781067,medium,low,no,lower,False,False
0.0013899999903514,0.0063075767830014,0.00491757679265,low,low,yes,same,False,False
0.0007399999885819,0.0045743007212877,0.0038343007327057994,low,low,yes,same,False,False
0.9436500072479248,0.9463487863540648,0.0026987791061400257,high,high,yes,same,True,True
0.0115599995478987,0.0198155231773853,0.008255523629486599,low,low,yes,same,False,False
0.9436600208282472,0.9395555853843688,0.004104435443878396,high,high,yes,same,True,True
0.0004299999854993,0.0020634327083826,0.0016334327228833,low,low,yes,same,False,False
0.0009800000116229,0.1203732267022132,0.1193932266905903,medium,low,no,lower,False,False
0.9439799785614014,0.948169469833374,0.004189491271972656,high,high,yes,same,True,True
0.0035300001036375,0.0025522110518068,0.0009777890518307,low,low,yes,same,False,False
0.0003800000122282,0.0096921557560563,0.0093121557438281,low,low,yes,same,False,False
0.0219899993389844,0.0208690203726291,0.0011209789663552995,low,low,yes,same,True,True
0.0048799999058246,0.5841156840324402,0.5792356841266156,medium,low,no,lower,False,False
0.0003999999898951,0.0065428186208009,0.0061428186309058,low,low,yes,same,False,False
0.0088499998673796,0.0629627183079719,0.0541127184405923,low,low,yes,same,False,False
0.3205099999904632,0.2524392008781433,0.06807079911231989,medium,medium,yes,same,False,False
0.0015899999998509,0.0029536476358771,0.0013636476360262,low,low,yes,same,False,False
0.0033400000538676,0.0128300404176115,0.0094900403637439,low,low,yes,same,False,False
0.0012700000079348,0.0047281761653721,0.0034581761574373005,low,low,yes,same,False,False
0.0001800000027287,0.0008580788853578,0.0006780788826290999,low,low,yes,same,False,False
0.0010499999625608,0.0019186766585335,0.0008686766959727001,low,low,yes,same,False,False
0.0004299999854993,0.0020456702914088,0.0016156703059095002,low,low,yes,same,False,False
0.0009800000116229,0.0023960729595273,0.0014160729479044,low,low,yes,same,False,False
0.0005499999970197,0.0193221401423215,0.0187721401453018,low,low,yes,same,False,False
0.0006900000153109,0.0014236986171454,0.0007336986018345001,low,low,yes,same,False,False
0.0362400002777576,0.1127821505069732,0.0765421502292156,medium,low,no,lower,False,False
0.1370500028133392,0.2380899488925933,0.1010399460792541,medium,medium,yes,same,False,False
0.0012000000569969,0.0021072058007121,0.0009072057437152,low,low,yes,same,False,False
0.0003900000010617,0.0010369551600888,0.0006469551590271001,low,low,yes,same,False,False
0.0025100000202655,0.0004111247253604,0.0020988752949051,low,low,yes,same,False,False
0.0009399999980814,0.0036702312063425,0.0027302312082611,low,low,yes,same,False,False
0.0333600006997585,0.0295496750622987,0.0038103256374598035,low,low,yes,same,False,True
0.0006799999973736,0.0008239885210059,0.00014398852363230001,low,low,yes,same,False,True
0.8752599954605103,0.8937015533447266,0.01844155788421631,high,high,yes,same,True,True
0.069020003080368,0.0863624885678291,0.017342485487461104,low,low,yes,same,False,False
0.00044999999227,0.0024454111699014,0.0019954111776314,low,low,yes,same,False,False
0.0001199999969685,0.0357641838490963,0.035644183852127795,low,low,yes,same,False,False
0.9441800117492676,0.944839358329773,0.0006593465805053711,high,high,yes,same,True,True
0.0819199979305267,0.8001569509506226,0.7182369530200958,high,low,no,lower,False,False
0.0009299999801442,0.0007382856565527,0.0001917143235915,low,low,yes,same,False,False
0.0393199995160102,0.0235418602824211,0.0157781392335891,low,low,yes,same,False,False
0.0005499999970197,0.0028792719822376,0.0023292719852179,low,low,yes,same,False,False
0.026860000565648,0.0007954873144626,0.0260645132511854,low,low,yes,same,False,False
0.0161199998110532,0.0098456256091594,0.0062743742018937995,low,low,yes,same,False,False
0.0003999999898951,0.0019932398572564,0.0015932398673613,low,low,yes,same,False,False
0.0024600001052021,0.0045353067107498,0.0020753066055477004,low,low,yes,same,False,False
0.0012700000079348,0.0069113778881728,0.005641377880238,low,low,yes,same,False,False
0.0007699999841861,0.003287834348157,0.0025178343639709003,low,low,yes,same,False,False
0.0005300000193528,0.0341454185545444,0.0336154185351916,low,low,yes,same,False,False
0.0004299999854993,0.0021212524734437,0.0016912524879444002,low,low,yes,same,False,False
0.0007399999885819,0.000900202197954,0.00016020220937209997,low,low,yes,same,False,True
0.0004299999854993,0.0009655429166741,0.0005355429311748,low,low,yes,same,False,False
0.0004299999854993,0.002793151885271,0.0023631518997717,low,low,yes,same,False,False
0.0024800000246614,0.0038225059397518,0.0013425059150904,low,low,yes,same,False,False
0.8983200192451477,0.5531895756721497,0.34513044357299805,medium,high,no,higher,False,False
0.0131900003179907,0.0170028023421764,0.003812802024185699,low,low,yes,same,False,False
0.0009299999801442,0.0030944144818931,0.0021644145017488997,low,low,yes,same,False,False
0.0565100014209747,0.0264836493879556,0.030026352033019097,low,low,yes,same,False,False
0.0004299999854993,0.0032051969319581,0.0027751969464588,low,low,yes,same,False,False
0.0007099999929778,0.0076006343588232,0.0068906343658454,low,low,yes,same,False,False
0.0001100000008591,0.0114388046786189,0.0113288046777598,low,low,yes,same,False,False
0.0001800000027287,0.0020516160875558,0.0018716160848270998,low,low,yes,same,False,False
0.0004299999854993,0.0048846472054719,0.0044546472199726,low,low,yes,same,False,False
0.0105499997735023,0.0091712521389126,0.0013787476345896998,low,low,yes,same,False,True
0.0004400000034365,0.00085285626119,0.0004128562577535,low,low,yes,same,False,False
0.1083599999547004,0.071746751666069,0.0366132482886314,low,medium,no,higher,False,False
0.0088499998673796,0.0037640780210494,0.005085921846330199,low,low,yes,same,False,False
0.0002600000007078,0.0068906326778233,0.0066306326771155,low,low,yes,same,False,False
0.3834100067615509,0.4680673778057098,0.08465737104415888,medium,medium,yes,same,False,True
0.0020200000144541,0.0025810010265558,0.0005610010121017001,low,low,yes,same,False,False
0.8109999895095825,0.8131290078163147,0.0021290183067321777,high,high,yes,same,True,True
0.0018799999961629,0.0263284519314765,0.0244484519353136,low,low,yes,same,False,False
0.0014700000174343,0.0017633832758292,0.0002933832583949,low,low,yes,same,False,True
0.0012100000167265,0.0036992356181144,0.0024892356013878998,low,low,yes,same,False,False
0.925570011138916,0.9297631978988647,0.0041931867599487305,high,high,yes,same,True,True
0.5176200270652771,0.5580831170082092,0.04046308994293213,medium,medium,yes,same,True,True
0.9117500185966492,0.9236980080604552,0.011947989463806041,high,high,yes,same,True,True
0.0004299999854993,0.0028985992539674,0.0024685992684681,low,low,yes,same,False,False
0.0008099999977275,0.0017255101120099,0.0009155101142824001,low,low,yes,same,False,False
0.0008800000068731,0.0020356441382318,0.0011556441313587,low,low,yes,same,False,False
0.0004799999878741,0.0032082654070109,0.0027282654191368,low,low,yes,same,False,False
0.0179500002413988,0.0041249534115195,0.013825046829879301,low,low,yes,same,False,False
0.0004299999854993,0.0012373451609164,0.0008073451754171,low,low,yes,same,False,False
0.3080700039863586,0.2678457796573639,0.040224224328994695,medium,medium,yes,same,False,True
0.0009299999801442,0.0006136078736744,0.00031639210646979997,low,low,yes,same,False,False
0.0028899998869746,0.007996879518032,0.005106879631057399,low,low,yes,same,False,False
0.0008299999753944,0.0081708077341318,0.007340807758737399,low,low,yes,same,False,False
0.0103599997237324,0.1188264712691307,0.1084664715453983,medium,low,no,lower,False,False
0.9222300052642822,0.9270901083946228,0.004860103130340576,high,high,yes,same,True,True
0.0001800000027287,0.0020516160875558,0.0018716160848270998,low,low,yes,same,False,False
0.0003999999898951,0.0024593065027147,0.0020593065128195996,low,low,yes,same,False,False
0.00089999998454,0.0013787222560495,0.0004787222715094999,low,low,yes,same,False,False
0.0015099999727681,0.0006799277616664,0.0008300722111017,low,low,yes,same,False,False
0.9092299938201904,0.7660200595855713,0.14320993423461914,high,high,yes,same,False,True
0.013600000180304,0.0096927052363753,0.0039072949439286995,low,low,yes,same,False,False
0.0062199998646974,0.0263284649699926,0.0201084651052952,low,low,yes,same,False,False
0.0072900000959634,0.0055292514152824,0.0017607486806809998,low,low,yes,same,False,False
0.0004299999854993,0.0015275569166988,0.0010975569311995,low,low,yes,same,False,False
0.0118300002068281,0.0439392253756523,0.032109225168824196,low,low,yes,same,False,False
0.3455100059509277,0.3358170390129089,0.009692966938018799,medium,medium,yes,same,True,True
0.0040699997916817,0.003471604315564,0.0005983954761176998,low,low,yes,same,False,True
0.0003000000142492,0.0022504366934299,0.0019504366791807,low,low,yes,same,False,False
0.0008800000068731,0.40573450922966,0.4048545092227869,medium,low,no,lower,False,False
0.410180002450943,0.4569404721260071,0.04676046967506409,medium,medium,yes,same,False,True
0.0005799999926239,0.230337455868721,0.2297574558760971,medium,low,no,lower,False,False
0.0002500000118743,0.0031735349912196,0.0029235349793453,low,low,yes,same,False,False
0.0043999999761581,0.00448116986081,8.11698846519002e-05,low,low,yes,same,True,True
0.8714600205421448,0.8795655965805054,0.008105576038360596,high,high,yes,same,True,True
0.1754100024700164,0.0021463464945554,0.173263655975461,low,medium,no,higher,False,False
0.0004400000034365,0.0050770998932421,0.0046370998898056,low,low,yes,same,False,False
0.0005200000014156,0.0045051947236061,0.0039851947221905,low,low,yes,same,False,False
0.9441199898719788,0.946253776550293,0.002133786678314209,high,high,yes,same,True,True
0.0088499998673796,0.0089284852147102,7.848534733059971e-05,low,low,yes,same,True,True
9.000000136438757e-05,0.0049712094478309,0.004881209446466512,low,low,yes,same,False,False
0.0005200000014156,0.0053975712507963,0.0048775712493807,low,low,yes,same,False,False
0.0118300002068281,0.009407140314579,0.0024228598922491004,low,low,yes,same,False,False
0.001410000026226,0.005450858734548,0.004040858708322,low,low,yes,same,False,False
0.0003000000142492,0.0004898335901089,0.00018983357585969997,low,low,yes,same,False,False
0.0883300006389617,0.0863624885678291,0.0019675120711325905,low,low,yes,same,True,True
0.0004400000034365,0.0015847040340304,0.0011447040305938999,low,low,yes,same,False,False
0.0030700000934302,0.0263284649699926,0.0232584648765624,low,low,yes,same,False,False
0.0082099996507167,0.0075369263067841,0.0006730733439326,low,low,yes,same,True,True
0.0923999994993209,0.1350432187318802,0.04264321923255929,medium,low,no,lower,False,False
0.0004299999854993,0.0017458277288824,0.0013158277433831002,low,low,yes,same,False,False
0.9427400231361388,0.9444780945777892,0.0017380714416503906,high,high,yes,same,True,True
0.672540009021759,0.0040760082192718,0.6684640008024872,low,medium,no,higher,False,False
0.0024200000334531,0.0176996774971485,0.0152796774636954,low,low,yes,same,False,False
0.0153700001537799,0.0186748057603836,0.0033048056066036988,low,low,yes,same,False,True
0.0784000009298324,0.0243595298379659,0.05404047109186651,low,low,yes,same,False,False
0.0003000000142492,0.0047374931164085,0.0044374931021593,low,low,yes,same,False,False
0.00044999999227,0.002048754831776,0.0015987548395059998,low,low,yes,same,False,False
0.9433199763298036,0.8001569509506226,0.14316302537918102,high,high,yes,same,False,True
0.0006399999838322,0.0059921247884631,0.0053521248046309,low,low,yes,same,False,False
0.5730299949645996,0.5691442489624023,0.0038857460021972656,medium,medium,yes,same,True,True
0.0004299999854993,0.0034520977642387,0.0030220977787394,low,low,yes,same,False,False
0.0002800000074785,0.0007654946530237,0.00048549464554520003,low,low,yes,same,False,False
0.0009100000024773,0.0014682470355182,0.0005582470330408999,low,low,yes,same,False,False
0.0001800000027287,0.0029727772343903,0.0027927772316616,low,low,yes,same,False,False
0.0004299999854993,0.0019811738748103,0.001551173889311,low,low,yes,same,False,False
0.0005499999970197,0.0031740872655063,0.0026240872684866,low,low,yes,same,False,False
0.8440300226211548,0.8464074730873108,0.002377450466156006,high,high,yes,same,True,True
0.9408699870109558,0.0095636751502752,0.9313063118606806,low,high,no,higher,False,False
0.0110299997031688,0.0057569732889533,0.0052730264142155,low,low,yes,same,False,False
0.9099900126457214,0.9183812141418456,0.008391201496124157,high,high,yes,same,True,True
0.0004699999990407,0.0017634058604016,0.0012934058613609,low,low,yes,same,False,False
0.0030700000934302,0.0036343769170343,0.0005643768236041,low,low,yes,same,False,True
0.0020999999251216,0.004589641932398,0.0024896420072764,low,low,yes,same,False,False
0.0001699999993434,0.0004393875715322,0.0002693875721888,low,low,yes,same,False,False
0.0004299999854993,0.0071310978382825,0.0067010978527832004,low,low,yes,same,False,False
0.9434900283813475,0.9437549114227296,0.000264883041382058,high,high,yes,same,True,True
0.0883300006389617,0.0642044097185134,0.02412559092044829,low,low,yes,same,False,False
0.0003699999942909,0.0014769334811717,0.0011069334868808,low,low,yes,same,False,False
0.9446099996566772,0.945852756500244,0.0012427568435667835,high,high,yes,same,True,True
0.0004299999854993,0.0014203488826751,0.0009903488971758,low,low,yes,same,False,False
0.9423699975013732,0.0685427412390708,0.8738272562623024,low,high,no,higher,False,False
0.0004299999854993,0.154919758439064,0.1544897584535647,medium,low,no,lower,False,False
0.0003800000122282,0.0096921557560563,0.0093121557438281,low,low,yes,same,False,False
7.999999797903001e-05,0.0040541319176554,0.00397413191967637,low,low,yes,same,False,False
0.3949599862098694,0.4018070995807647,0.00684711337089533,medium,medium,yes,same,True,True
0.0810299962759018,0.0235694330185651,0.05746056325733669,low,low,yes,same,False,False
0.0023199999704957,0.0045444266870617,0.002224426716566,low,low,yes,same,False,False
0.0001699999993434,0.0030556037090718,0.0028856037097284002,low,low,yes,same,False,False
0.0011099999537691,0.003484220476821,0.0023742205230519,low,low,yes,same,False,False
0.0371199995279312,0.0350576266646385,0.002062372863292701,low,low,yes,same,True,True
0.0003300000098533,0.0171977877616882,0.016867787751834902,low,low,yes,same,False,False
0.0004400000034365,0.0009061534074135,0.000466153403977,low,low,yes,same,False,False
0.0883300006389617,0.0863624885678291,0.0019675120711325905,low,low,yes,same,True,True
0.0002600000007078,0.0040789595805108,0.003818959579803,low,low,yes,same,False,False
0.0004400000034365,0.0010252994252368,0.0005852994218002998,low,low,yes,same,False,False
0.0305000003427267,0.0106275686994194,0.0198724316433073,low,low,yes,same,False,False
0.0007099999929778,0.3731076717376709,0.37239767174469307,medium,low,no,lower,False,False
0.0005399999790824,0.0017943888669833,0.0012543888879009,low,low,yes,same,False,False
0.0357099995017051,0.0041495878249406,0.0315604116767645,low,low,yes,same,False,False
0.0117899999022483,0.0073905051685869,0.004399494733661399,low,low,yes,same,False,False
0.0006799999973736,0.0038266172632575,0.0031466172658839,low,low,yes,same,False,False
0.0007500000065192,0.0033328607678413,0.0025828607613221,low,low,yes,same,False,False
0.0007500000065192,0.0021178941242396,0.0013678941177204,low,low,yes,same,False,False
0.0008200000156648,0.0019681942649185,0.0011481942492536999,low,low,yes,same,False,False
0.0001699999993434,0.0038655058015137,0.0036955058021703,low,low,yes,same,False,False
0.0009100000024773,0.008937063626945,0.008027063624467699,low,low,yes,same,False,False
0.0197400003671646,0.018122561275959,0.0016174390912056004,low,low,yes,same,True,True
0.0088499998673796,0.0027418830431997,0.0061081168241799,low,low,yes,same,False,False
0.4902400076389313,0.0049432781524956,0.48529672948643565,low,medium,no,higher,False,False
0.0005399999790824,0.0034849920775741,0.0029449920984917,low,low,yes,same,False,False
0.3660300076007843,0.2127983123064041,0.1532316952943802,medium,medium,yes,same,False,False
0.0001800000027287,0.0020516160875558,0.0018716160848270998,low,low,yes,same,False,False
0.0003499999875202,0.0018571659456938,0.0015071659581736,low,low,yes,same,False,False
0.0061499997973442,0.0120919235050678,0.005941923707723599,low,low,yes,same,False,False
0.0002800000074785,0.0024422237183898,0.0021622237109113003,low,low,yes,same,False,False
0.0015800000401213,0.0048217298462986,0.0032417298061773,low,low,yes,same,False,False
0.0190099999308586,0.0159571003168821,0.003052899613976503,low,low,yes,same,False,True
0.0005000000237487,0.0149706238880753,0.0144706238643266,low,low,yes,same,False,False
0.5619800090789795,0.2276604920625686,0.3343195170164109,medium,medium,yes,same,False,False
0.0010600000387057,0.0050737266428768,0.0040137266041711,low,low,yes,same,False,False
0.0006500000017695,0.0031290017068386,0.0024790017050691,low,low,yes,same,False,False
0.000239999993937,0.0019727386534214,0.0017327386594843998,low,low,yes,same,False,False
0.0117899999022483,0.0105749825015664,0.0012150174006818996,low,low,yes,same,False,True
0.0011500000255182,0.002408982720226,0.0012589826947078,low,low,yes,same,False,False
0.0065999999642372,0.0043970537371933,0.0022029462270439,low,low,yes,same,False,False
0.0047699999995529,0.0017929911846295,0.0029770088149234,low,low,yes,same,False,False
0.0001400000037392,0.0236179158091545,0.0234779158054153,low,low,yes,same,False,False
0.8538200259208679,0.1123636960983276,0.7414563298225403,medium,high,no,higher,False,False
0.0001300000003539,0.0048791384324431,0.0047491384320892,low,low,yes,same,False,False
0.1133100017905235,0.1009115427732467,0.012398459017276806,medium,medium,yes,same,False,True
0.0009100000024773,0.0024979643058031,0.0015879643033258,low,low,yes,same,False,False
0.0118300002068281,0.025441575795412,0.013611575588583901,low,low,yes,same,False,False
0.0004600000102072,0.002339276485145,0.0018792764749378,low,low,yes,same,False,False
0.0019600000232458,0.3881461918354034,0.3861861918121576,medium,low,no,lower,False,False
0.0004299999854993,0.001174729433842,0.0007447294483427002,low,low,yes,same,False,False
0.0003999999898951,0.0023023951798677,0.0019023951899726002,low,low,yes,same,False,False
0.0449200011789798,0.1403468698263168,0.09542686864733702,medium,low,no,lower,False,False
0.0006900000153109,0.0035125561989843,0.0028225561836733998,low,low,yes,same,False,False
0.1754100024700164,0.0021463464945554,0.173263655975461,low,medium,no,higher,False,False
0.0005900000105611,0.0030843634158372,0.0024943634052761,low,low,yes,same,False,False
0.0031099999323487,0.0016795044066384,0.0014304955257102999,low,low,yes,same,False,False
0.0038600000552833,0.1127821505069732,0.1089221504516899,medium,low,no,lower,False,False
0.232910007238388,0.2285398691892624,0.004370138049125616,medium,medium,yes,same,True,True
0.8733299970626831,0.892698347568512,0.019368350505828857,high,high,yes,same,True,True
0.0115599995478987,0.0198154971003532,0.0082554975524545,low,low,yes,same,False,False
0.5475299954414368,0.077714167535305,0.46981582790613174,low,medium,no,higher,False,False
0.00044999999227,0.0022914644796401,0.0018414644873701001,low,low,yes,same,False,False
0.0004299999854993,0.0037142920773476,0.0032842920918482997,low,low,yes,same,False,False
0.911109983921051,0.9122605323791504,0.0011505484580993652,high,high,yes,same,True,True
0.0001100000008591,0.0032709499355405,0.0031609499346814,low,low,yes,same,False,False
0.0002300000051036,0.0019009209936484,0.0016709209885448,low,low,yes,same,False,False
0.925570011138916,0.9297630786895752,0.00419306755065918,high,high,yes,same,True,True
0.0002500000118743,0.0444104894995689,0.0441604894876946,low,low,yes,same,False,False
0.0003900000010617,0.0036157588474452,0.0032257588463835,low,low,yes,same,False,False
0.0088499998673796,0.0458202920854091,0.0369702922180295,low,low,yes,same,False,False
0.0015099999727681,0.0015342370606958,2.4237087927700147e-05,low,low,yes,same,True,True
0.0153700001537799,0.016062144190073,0.0006921440362930992,low,low,yes,same,True,True
0.0007200000109151,0.0451093576848506,0.0443893576739355,low,low,yes,same,False,False
0.0001699999993434,0.0021003575529903,0.0019303575536469,low,low,yes,same,False,False
0.0009299999801442,0.0122722405940294,0.011342240613885201,low,low,yes,same,False,False
0.0003499999875202,0.0023737349547445,0.0020237349672243003,low,low,yes,same,False,False
0.0004100000078324,0.0023324103094637,0.0019224103016313,low,low,yes,same,False,False
0.0005000000237487,0.0011001271195709,0.0006001270958222001,low,low,yes,same,False,False
0.9300699830055236,0.9149369597434998,0.015133023262023815,high,high,yes,same,True,True
0.0002899999963119,0.002645329805091,0.0023553298087791,low,low,yes,same,False,False
0.0004600000102072,0.021635228767991,0.0211752287577838,low,low,yes,same,False,False
0.0088499998673796,0.0075086653232574,0.0013413345441221991,low,low,yes,same,False,True
0.0161799993366003,0.0403792820870876,0.024199282750487296,low,low,yes,same,False,False
0.0131900003179907,0.0170028023421764,0.003812802024185699,low,low,yes,same,False,False
0.3190400004386902,0.3218908607959747,0.0028508603572844904,medium,medium,yes,same,True,True
0.0020999999251216,0.1189020052552223,0.11680200533010071,medium,low,no,lower,False,False
0.632099986076355,0.6305230259895325,0.0015769600868225098,medium,medium,yes,same,True,True
0.0179800000041723,0.0275229718536138,0.0095429718494415,low,low,yes,same,False,False
0.0087900003418326,0.0071308547630906,0.0016591455787419995,low,low,yes,same,False,False
0.0004299999854993,0.0005703562055714,0.00014035622007210004,low,low,yes,same,False,False
0.0109099997207522,0.0035418069455772,0.007368192775175,low,low,yes,same,False,False
0.0012799999676644,0.0059724296443164,0.004692429676652,low,low,yes,same,False,False
0.012869999743998,0.0186620559543371,0.005792056210339099,low,low,yes,same,False,False
0.0088499998673796,0.0052445153705775,0.0036054844968020994,low,low,yes,same,False,False
0.0013399999588727,0.0029850646387785,0.0016450646799058002,low,low,yes,same,False,False
0.0004299999854993,0.0005860563833266,0.00015605639782730003,low,low,yes,same,False,False
0.0004299999854993,0.0004196409136056,1.0359071893699964e-05,low,low,yes,same,True,True
0.1686400026082992,0.0256564896553754,0.1429835129529238,low,medium,no,higher,False,False
0.0020500000100582,0.0012548232916742,0.0007951767183840002,low,low,yes,same,False,False
0.0004299999854993,0.0017464943230152,0.0013164943375159,low,low,yes,same,False,False
0.0004299999854993,0.0011059596436098,0.0006759596581105,low,low,yes,same,False,False
0.013209999538958,0.0032216620165854,0.0099883375223726,low,low,yes,same,False,False
0.0995799973607063,0.1005994826555252,0.001019485294818892,medium,low,no,lower,True,True
0.0003000000142492,0.0014348665717989,0.0011348665575497,low,low,yes,same,False,False
0.7681499719619751,0.7720909118652344,0.003940939903259277,high,high,yes,same,True,True
0.8322799801826477,0.3786100149154663,0.4536699652671814,medium,high,no,higher,False,False
0.0088499998673796,0.0199715178459882,0.011121517978608601,low,low,yes,same,False,False
0.7819899916648865,0.3924354612827301,0.38955453038215637,medium,high,no,higher,False,False
0.0004299999854993,0.0006117416196502,0.00018174163415090005,low,low,yes,same,False,False
0.0048400000669062,0.0164118371903896,0.011571837123483399,low,low,yes,same,False,False
0.6628000140190125,0.0027899341657757,0.6600100798532368,low,medium,no,higher,False,False
0.0004299999854993,0.0019423345802351,0.0015123345947358,low,low,yes,same,False,False
0.0377900004386901,0.0283790677785873,0.009410932660102803,low,low,yes,same,False,False
0.0003399999986868,0.0002609921793919,7.900781929490001e-05,low,low,yes,same,False,False
0.9100800156593324,0.892698347568512,0.017381668090820424,high,high,yes,same,True,True
0.9442700147628784,0.9241772294044496,0.020092785358428844,high,high,yes,same,True,True
0.000239999993937,0.0447675250470638,0.0445275250531268,low,low,yes,same,False,False
0.0005399999790824,0.0022989595308899,0.0017589595518075,low,low,yes,same,False,False
0.0009699999936856,0.0023437107447534,0.0013737107510678002,low,low,yes,same,False,False
0.0004100000078324,0.0023457163479179,0.0019357163400855002,low,low,yes,same,False,False
0.0015399999683722,0.0019399195443838,0.00039991957601160006,low,low,yes,same,False,False
0.0005300000193528,0.0414303205907344,0.0409003205713816,low,low,yes,same,False,False
0.0015399999683722,0.0033749698195606,0.0018349698511884002,low,low,yes,same,False,False
0.0004299999854993,0.0014675067504867,0.0010375067649874001,low,low,yes,same,False,False
0.0003300000098533,0.0066992160864174,0.0063692160765641,low,low,yes,same,False,False
0.0001800000027287,0.003715411061421,0.0035354110586922997,low,low,yes,same,False,False
0.0005699999746866,0.0200677886605262,0.0194977886858396,low,low,yes,same,False,False
0.0435599982738494,0.0274003241211175,0.016159674152731895,low,low,yes,same,False,False
0.0002800000074785,0.0128752989694476,0.012595298961969101,low,low,yes,same,False,False
0.0002899999963119,0.0019723498262465,0.0016823498299346,low,low,yes,same,False,False
0.0217300001531839,0.0020865567494183,0.0196434434037656,low,low,yes,same,False,False
0.0002500000118743,0.0005920188850723,0.000342018873198,low,low,yes,same,False,False
0.0217199996113777,0.0162475872784852,0.005472412332892498,low,low,yes,same,False,False
0.0004299999854993,0.0008789941784925,0.0004489941929932,low,low,yes,same,False,False
0.0377900004386901,0.0321613810956478,0.005628619343042304,low,low,yes,same,False,True
0.001810000045225,0.025378393009305,0.02356839296408,low,low,yes,same,False,False
0.0004699999990407,0.0020353118889033,0.0015653118898626,low,low,yes,same,False,False
0.9385700225830078,0.948113977909088,0.009543955326080211,high,high,yes,same,True,True
0.00044999999227,0.0017884123371914,0.0013384123449214,low,low,yes,same,False,False
0.0088499998673796,0.0091633638367056,0.0003133639693260002,low,low,yes,same,True,True
0.0015399999683722,0.0043834373354911,0.0028434373671189,low,low,yes,same,False,False
0.0371199995279312,0.0617422461509704,0.024622246623039197,low,low,yes,same,False,False
0.0014400000218302,0.0038706501945853,0.0024306501727550996,low,low,yes,same,False,False
0.0294100008904933,0.0397262685000896,0.010316267609596298,low,low,yes,same,False,False
0.0005499999970197,0.0024858580436557,0.0019358580466359997,low,low,yes,same,False,False
0.0002800000074785,0.0007768323994241,0.0004968323919456,low,low,yes,same,False,False
0.0088499998673796,0.0158571358770132,0.0070071360096336,low,low,yes,same,False,False
0.0004400000034365,0.3787826299667358,0.37834262996329926,medium,low,no,lower,False,False
0.2623200118541717,0.2648997008800506,0.0025796890258789062,medium,medium,yes,same,True,True
0.0010600000387057,0.0031070788390934,0.0020470788003876996,low,low,yes,same,False,False
0.0088499998673796,0.0018153525888919,0.0070346472784877,low,low,yes,same,False,False
0.1134399995207786,0.0123588321730494,0.1010811673477292,low,medium,no,higher,False,False
0.0015699999639764,0.003505038563162,0.0019350385991855998,low,low,yes,same,False,False
0.0002099999983329,0.0084703397005796,0.0082603397022467,low,low,yes,same,False,False
0.0013899999903514,0.0035125561989843,0.0021225562086329003,low,low,yes,same,False,False
0.0003900000010617,0.0074160983785986,0.0070260983775369,low,low,yes,same,False,False
0.2072899937629699,0.2380899488925933,0.030799955129623413,medium,medium,yes,same,False,True
0.0015300000086426,0.0007830230752006,0.000746976933442,low,low,yes,same,False,False
0.0001199999969685,0.0048992200754582,0.0047792200784897,low,low,yes,same,False,False
0.0011500000255182,0.0026419281493872,0.0014919281238690001,low,low,yes,same,False,False
0.0305000003427267,0.0106275686994194,0.0198724316433073,low,low,yes,same,False,False
0.0001800000027287,0.0054637296125292,0.0052837296098005,low,low,yes,same,False,False
0.0088499998673796,0.0017061625840142,0.007143837283365399,low,low,yes,same,False,False
0.9256399869918824,0.9276506900787354,0.0020107030868529163,high,high,yes,same,True,True
0.0493599995970726,0.0011519255349412,0.0482080740621314,low,low,yes,same,False,False
0.0010799999581649,0.0040697315707802,0.0029897316126153003,low,low,yes,same,False,False
0.0010799999581649,0.0009871507063508,9.284925181410005e-05,low,low,yes,same,True,True
0.0003999999898951,0.0362191647291183,0.0358191647392232,low,low,yes,same,False,False
0.0002600000007078,0.0467920564115047,0.0465320564107969,low,low,yes,same,False,False
0.0013899999903514,0.0094225313514471,0.008032531361095701,low,low,yes,same,False,False
0.0088499998673796,0.0021331903990358,0.006716809468343799,low,low,yes,same,False,False
0.760670006275177,0.4966764450073242,0.2639935612678528,medium,high,no,higher,False,False
0.0002200000017182,0.003468029666692,0.0032480296649738,low,low,yes,same,False,False
0.033560000360012,0.0317733101546764,0.0017866902053355962,low,low,yes,same,True,True
0.0004299999854993,0.0011234616395086,0.0006934616540093001,low,low,yes,same,False,False
0.0003900000010617,0.0014783694641664,0.0010883694631047,low,low,yes,same,False,False
0.5020800232887268,0.1553959995508194,0.3466840237379074,medium,medium,yes,same,False,False
0.0013299999991431,0.0040091681294143,0.0026791681302712,low,low,yes,same,False,False
0.0394800007343292,0.0353542268276214,0.004125773906707805,low,low,yes,same,False,True
0.0008399999933317,0.0027207962702959,0.0018807962769642,low,low,yes,same,False,False
0.0094999996945261,0.0077292453497648,0.0017707543447613005,low,low,yes,same,False,False
0.0004100000078324,0.0018777345540001,0.0014677345461677,low,low,yes,same,False,False
0.0015000000130385,0.0045376410707831,0.0030376410577446,low,low,yes,same,False,False
0.0002200000017182,0.0221176519989967,0.0218976519972785,low,low,yes,same,False,False
0.0449200011789798,0.0783977955579757,0.0334777943789959,low,low,yes,same,False,False
0.0037700000684708,0.0027198533061891,0.0010501467622817,low,low,yes,same,False,False
0.0362400002777576,0.1127821505069732,0.0765421502292156,medium,low,no,lower,False,False
0.0040600001811981,0.004589641932398,0.0005296417511999,low,low,yes,same,False,True
0.0016700000269338,0.0039510414935648,0.0022810414666309996,low,low,yes,same,False,False
0.0001300000003539,0.0019919103942811,0.0018619103939272,low,low,yes,same,False,False
0.0002800000074785,0.0011461541289463,0.0008661541214678,low,low,yes,same,False,False
0.0004299999854993,0.0013529119314625,0.0009229119459632001,low,low,yes,same,False,False
0.8786500096321106,0.0607150308787822,0.8179349787533284,low,high,no,higher,False,False
0.944130003452301,0.949569582939148,0.005439579486846924,high,high,yes,same,True,True
0.0004400000034365,0.0008662067120894,0.0004262067086529,low,low,yes,same,False,False
0.0004600000102072,0.002575306687504,0.0021153066772968,low,low,yes,same,False,False
0.00044999999227,0.0023114669602364,0.0018614669679663997,low,low,yes,same,False,False
0.0009800000116229,0.0023110581096261,0.0013310580980031997,low,low,yes,same,False,False
0.0002800000074785,0.0010781391756609,0.0007981391681824,low,low,yes,same,False,False
0.0019000000320374,0.0047556152567267,0.0028556152246893,low,low,yes,same,False,False
0.0005699999746866,0.0013456989545375,0.0007756989798509001,low,low,yes,same,False,False
0.8440300226211548,0.8450603485107422,0.0010303258895874023,high,high,yes,same,True,True
0.1130700036883354,0.053711611777544,0.059358391910791404,low,medium,no,higher,False,False
0.0369799993932247,0.0269852075725793,0.009994791820645402,low,low,yes,same,False,False
0.0061499997973442,0.6006485819816589,0.5944985821843147,medium,low,no,lower,False,False
0.0004799999878741,0.0054249614477157,0.0049449614598416,low,low,yes,same,False,False
0.0004299999854993,0.0030575026758015,0.0026275026903022,low,low,yes,same,False,False
0.0026499999221414,0.0263284519314765,0.023678452009335098,low,low,yes,same,False,False
0.0362400002777576,0.0040800282731652,0.032159972004592405,low,low,yes,same,False,False
0.9747999906539916,0.968001127243042,0.006798863410949596,high,high,yes,same,True,True
0.6446300148963928,0.2029175013303756,0.44171251356601726,medium,medium,yes,same,False,False
0.0005699999746866,0.560772180557251,0.5602021805825643,medium,low,no,lower,False,False
0.0517899990081787,0.007136944681406,0.0446530543267727,low,low,yes,same,False,False
0.0004400000034365,0.0035881667863577,0.0031481667829212,low,low,yes,same,False,False
0.1916400045156479,0.0057943207211792,0.1858456837944687,low,medium,no,higher,False,False
0.6515499949455261,0.6539497971534729,0.0023998022079467773,medium,medium,yes,same,True,True
0.0004299999854993,0.0008132325019687,0.0003832325164694,low,low,yes,same,False,False
0.0004299999854993,0.0011451379396021,0.0007151379541028,low,low,yes,same,False,False
0.0269200000911951,0.0036612199619412,0.0232587801292539,low,low,yes,same,False,False
0.0005499999970197,0.0048237782903015,0.0042737782932818,low,low,yes,same,False,False
0.0002099999983329,0.0206228420138359,0.020412842015503,low,low,yes,same,False,False
0.0575099997222423,0.0561057515442371,0.0014042481780051977,low,low,yes,same,True,True
0.0201099999248981,0.0299833659082651,0.009873365983367001,low,low,yes,same,False,False
0.0004299999854993,0.002398031996563,0.0019680320110637,low,low,yes,same,False,False
0.0008200000156648,0.0789220854640007,0.0781020854483359,low,low,yes,same,False,False
0.2072899937629699,0.308818906545639,0.1015289127826691,medium,medium,yes,same,False,False
0.0002800000074785,0.001638509100303,0.0013585090928245002,low,low,yes,same,False,False
0.0003900000010617,0.0050697633996605,0.0046797633985988,low,low,yes,same,False,False
0.001300000003539,0.0039810216985642,0.0026810216950252,low,low,yes,same,False,False
0.0024999999441206,0.0281025301665067,0.0256025302223861,low,low,yes,same,False,False
0.5723099708557129,0.4090502560138702,0.1632597148418427,medium,medium,yes,same,False,False
0.0006300000241026,0.0039779376238584,0.0033479375997557998,low,low,yes,same,False,False
0.0012600000482052,0.0013880017213523,0.0001280016731470999,low,low,yes,same,True,True
0.0028899998869746,0.008729095570743,0.0058390956837684,low,low,yes,same,False,False
0.0012600000482052,0.0186371579766273,0.0173771579284221,low,low,yes,same,False,False
0.9627699851989746,0.9581283330917358,0.0046416521072387695,high,high,yes,same,True,True
0.0471699982881546,0.0480802804231643,0.0009102821350096962,low,low,yes,same,True,True
0.0014499999815598,0.1437522321939468,0.142302232212387,medium,low,no,lower,False,False
0.0038099999073892,0.2380899488925933,0.2342799489852041,medium,low,no,lower,False,False
0.0004299999854993,0.0033748508431017,0.0029448508576024,low,low,yes,same,False,False
0.0004299999854993,0.0034236263018101,0.0029936263163107997,low,low,yes,same,False,False
0.0038799999747425,0.0026754694990813,0.0012045304756612002,low,low,yes,same,False,False
0.003220000071451,0.0030814048368483,0.00013859523460269972,low,low,yes,same,True,True
0.0037799999117851,0.004987868014723,0.0012078681029379,low,low,yes,same,False,False
0.0011800000211223,0.0271891131997108,0.026009113178588502,low,low,yes,same,False,False
0.0026700000744313,0.0052332780323922,0.0025632779579609,low,low,yes,same,False,False
0.0004400000034365,0.001401589019224,0.0009615890157874999,low,low,yes,same,False,False
0.907140016555786,0.8956155180931091,0.011524498462676891,high,high,yes,same,True,True
0.1973699927330017,0.1968822628259658,0.0004877299070359109,medium,medium,yes,same,True,True
0.0015500000445172,0.0048535414971411,0.0033035414526239003,low,low,yes,same,False,False
0.0004600000102072,0.0025522110518068,0.0020922110415996,low,low,yes,same,False,False
0.0002600000007078,0.0015797971282154,0.0013197971275076001,low,low,yes,same,False,False
0.0004900000058114,0.0016363910399377,0.0011463910341263,low,low,yes,same,False,False
0.002820000052452,0.007996879518032,0.00517687946558,low,low,yes,same,False,False
0.3226200044155121,0.3264805674552917,0.0038605630397796076,medium,medium,yes,same,True,True
0.3897800147533417,0.4357335567474365,0.04595354199409485,medium,medium,yes,same,False,True
0.2279199957847595,0.0038832200225442,0.22403677576221528,low,medium,no,higher,False,False
0.0003300000098533,0.1096411347389221,0.10931113472906881,medium,low,no,lower,False,False
0.0004299999854993,0.0007637371891178,0.0003337372036185,low,low,yes,same,False,False
0.0004299999854993,0.011709508486092,0.0112795085005927,low,low,yes,same,False,False
0.0057399999350309,0.0002559366112109,0.00548406332382,low,low,yes,same,False,False
0.0001699999993434,0.001926417578943,0.0017564175795996,low,low,yes,same,False,False
0.0006300000241026,0.0040574870072305,0.0034274869831279003,low,low,yes,same,False,False
0.0010300000431016,0.2137977033853531,0.21276770334225148,medium,low,no,lower,False,False
0.0179500002413988,0.0041249534115195,0.013825046829879301,low,low,yes,same,False,False
0.0015800000401213,0.0068438556045293,0.005263855564408,low,low,yes,same,False,False
0.0004299999854993,0.0018940576119348,0.0014640576264355,low,low,yes,same,False,False
0.9436600208282472,0.9473430514335632,0.003683030605316051,high,high,yes,same,True,True
0.8726800084114075,0.1736791431903839,0.6990008652210236,medium,high,no,higher,False,False
0.1946399956941604,0.0041461018845438,0.1904938938096166,low,medium,no,higher,False,False
0.0007999999797903,0.0019487591926008,0.0011487592128105002,low,low,yes,same,False,False
0.0115599995478987,0.0198155231773853,0.008255523629486599,low,low,yes,same,False,False
0.0005200000014156,0.0010447984095662,0.0005247984081506,low,low,yes,same,False,False
0.0001100000008591,0.0039270683191716,0.0038170683183125003,low,low,yes,same,False,False
0.0030499999411404,0.0099978130310773,0.0069478130899369005,low,low,yes,same,False,False
0.0013500000350177,0.0071160467341542,0.0057660466991365,low,low,yes,same,False,False
0.0003000000142492,0.0010562546085566,0.0007562545943074,low,low,yes,same,False,False
0.0013099999632686,0.0040696407668292,0.0027596408035606003,low,low,yes,same,False,False
0.0005000000237487,0.0043003004975616,0.0038003004738129003,low,low,yes,same,False,False
0.0004299999854993,0.0029244534671306,0.0024944534816312997,low,low,yes,same,False,False
0.0025400000158697,0.0052032726816833,0.0026632726658136004,low,low,yes,same,False,False
0.0004600000102072,0.0039641917683184,0.0035041917581112,low,low,yes,same,False,False
0.0362400002777576,0.1553959995508194,0.1191559992730618,medium,low,no,lower,False,False
0.0003300000098533,0.0065614264458417,0.0062314264359884,low,low,yes,same,False,False
0.0370099991559982,0.0362687744200229,0.0007412247359753002,low,low,yes,same,True,True
0.0009100000024773,0.0014409930445253,0.0005309930420479999,low,low,yes,same,False,False
0.0743499994277954,0.4056679606437683,0.3313179612159729,medium,low,no,lower,False,False
0.9428300261497498,0.9456191062927246,0.0027890801429748535,high,high,yes,same,True,True
0.0369799993932247,0.0269852075725793,0.009994791820645402,low,low,yes,same,False,False
0.0528099983930587,0.0032398060429841,0.0495701923500746,low,low,yes,same,False,False
0.8372899889945984,0.7838185429573059,0.05347144603729248,high,high,yes,same,True,True
0.3338100016117096,0.3314638137817383,0.0023461878299713135,medium,medium,yes,same,True,True
0.0005799999926239,0.0005432500620372,3.674993058669991e-05,low,low,yes,same,True,True
0.0055100000463426,0.0044396077282726,0.00107039231807,low,low,yes,same,False,False
0.0119599997997283,0.0073934402316808,0.0045665595680475,low,low,yes,same,False,False
0.0002099999983329,0.0485867895185947,0.0483767895202618,low,low,yes,same,False,False
0.0010000000474974,0.0035445184912532,0.0025445184437558003,low,low,yes,same,False,False
0.923359990119934,0.924903154373169,0.0015431642532349743,high,high,yes,same,True,True
0.0007399999885819,0.0379455238580703,0.037205523869488395,low,low,yes,same,False,False
0.0001199999969685,0.002069647423923,0.0019496474269545,low,low,yes,same,False,False
0.0005900000105611,0.0572081506252288,0.0566181506146677,low,low,yes,same,False,False
0.002820000052452,0.003471604315564,0.0006516042631120001,low,low,yes,same,False,True
0.9444400072097778,0.9470914602279664,0.0026514530181885876,high,high,yes,same,True,True
0.0020500000100582,0.0030901576392352,0.0010401576291769999,low,low,yes,same,False,False
0.0263999998569488,0.0020446758717298,0.024355323985219002,low,low,yes,same,False,False
0.1973699927330017,0.2380899488925933,0.04071995615959159,medium,medium,yes,same,False,True
0.0031799999997019,0.2156153172254562,0.21243531722575432,medium,low,no,lower,False,False
0.2431900054216385,0.3925023674964905,0.149312362074852,medium,medium,yes,same,False,False
0.0003800000122282,0.0032602606806904,0.0028802606684622,low,low,yes,same,False,False
0.9415000081062316,0.9445429444313048,0.003042936325073242,high,high,yes,same,True,True
0.9286800026893616,0.9399836659431458,0.01130366325378418,high,high,yes,same,True,True
0.9395400285720824,0.5841156840324402,0.3554243445396422,medium,high,no,higher,False,False
0.0095399999991059,0.0091283582150936,0.0004116417840123003,low,low,yes,same,True,True
0.0342399999499321,0.0734327435493469,0.0391927435994148,low,low,yes,same,False,False
0.0004299999854993,0.0005703562055714,0.00014035622007210004,low,low,yes,same,False,False
0.0044599999673664,0.0055174599401652,0.0010574599727988,low,low,yes,same,False,True
0.0268200002610683,0.0248927995562553,0.001927200704813,low,low,yes,same,True,True
0.0011099999537691,0.003484220476821,0.0023742205230519,low,low,yes,same,False,False
0.0009500000160187,0.0049318736419081,0.0039818736258894006,low,low,yes,same,False,False
0.0010300000431016,0.0145079083740711,0.0134779083309695,low,low,yes,same,False,False
0.0020800000056624,0.0071882284246385,0.0051082284189761,low,low,yes,same,False,False
0.001189999980852,0.0066174212843179,0.0054274213034659,low,low,yes,same,False,False
0.0003999999898951,0.0005014628986828,0.00010146290878770001,low,low,yes,same,False,False
0.9217100143432616,0.9256808757781982,0.0039708614349366345,high,high,yes,same,True,True
0.0001100000008591,0.0032709499355405,0.0031609499346814,low,low,yes,same,False,False
0.0088499998673796,0.0148378228768706,0.005987823009491,low,low,yes,same,False,False
0.0005300000193528,0.0090059051290154,0.0084759051096626,low,low,yes,same,False,False
0.0048799999058246,0.5841156840324402,0.5792356841266156,medium,low,no,lower,False,False
0.009689999744296,0.0084236804395914,0.0012663193047045985,low,low,yes,same,False,True
0.00395999988541,0.0263284649699926,0.0223684650845826,low,low,yes,same,False,False
0.0458699986338615,0.0641725584864616,0.018302559852600098,low,low,yes,same,False,False
0.0154999997466802,0.0003920487361028,0.015107951010577401,low,low,yes,same,False,False
0.0010400000028312,0.0023057996295392,0.0012657996267080001,low,low,yes,same,False,False
0.0012700000079348,0.1437522321939468,0.142482232186012,medium,low,no,lower,False,False
0.02415999956429,0.0195524860173463,0.004607513546943703,low,low,yes,same,False,False
0.0205499995499849,0.0699812918901443,0.0494312923401594,low,low,yes,same,False,False
0.9124299883842468,0.8956155180931091,0.016814470291137695,high,high,yes,same,True,True
0.0007999999797903,0.0072137005627155,0.0064137005829252,low,low,yes,same,False,False
0.0006999999750405,0.0031683396082371,0.0024683396331966,low,low,yes,same,False,False
0.0003000000142492,0.0241042114794254,0.0238042114651762,low,low,yes,same,False,False
0.0013099999632686,0.0048121362924575,0.0035021363291889,low,low,yes,same,False,False
0.8836699724197388,0.8883953094482422,0.004725337028503418,high,high,yes,same,True,True
0.0087799998000264,0.225597009062767,0.2168170092627406,medium,low,no,lower,False,False
0.2291699945926666,0.2524392008781433,0.023269206285476712,medium,medium,yes,same,True,True
0.4979200065135956,0.5309388637542725,0.03301885724067688,medium,medium,yes,same,True,True
0.0020200000144541,0.0033749698195606,0.0013549698051065003,low,low,yes,same,False,False
0.0031099999323487,0.0059439004398882,0.0028339005075395,low,low,yes,same,False,False
0.002430000109598,0.0016562207601964,0.0007737793494015997,low,low,yes,same,False,False
0.0014400000218302,0.0015379368560388,9.793683420859984e-05,low,low,yes,same,True,True
0.0105499997735023,0.0043710353784263,0.006178964395075999,low,low,yes,same,False,False
0.5619300007820129,0.4569404721260071,0.10498952865600586,medium,medium,yes,same,False,False
0.0004299999854993,0.0024697654880583,0.002039765502559,low,low,yes,same,False,False
0.0006300000241026,0.0010579494992271,0.0004279494751245,low,low,yes,same,False,False
0.0185700003057718,0.0617422461509704,0.0431722458451986,low,low,yes,same,False,False
0.0016599999507889,0.0062990193255245,0.0046390193747356,low,low,yes,same,False,False
0.0003300000098533,0.0003587738901842,2.8773880330900032e-05,low,low,yes,same,True,True
0.0015899999998509,0.003214057534933,0.0016240575350821,low,low,yes,same,False,False
0.0005200000014156,0.0046334792859852,0.0041134792845696,low,low,yes,same,False,False
0.000560000014957,0.0713688358664512,0.0708088358514942,low,low,yes,same,False,False
0.069020003080368,0.0642044097185134,0.004815593361854595,low,low,yes,same,True,True
0.9385700225830078,0.9481140971183776,0.009544074535369762,high,high,yes,same,True,True
0.0002800000074785,0.0057963104918599,0.0055163104843813995,low,low,yes,same,False,False
0.0005300000193528,0.0414303205907344,0.0409003205713816,low,low,yes,same,False,False
0.0155100002884864,0.009041765704751,0.006468234583735398,low,low,yes,same,False,False
0.940559983253479,0.9457552433013916,0.005195260047912598,high,high,yes,same,True,True
0.0118599999696016,0.009407140314579,0.0024528596550226003,low,low,yes,same,False,False
0.0129399998113513,0.001190083916299,0.0117499158950523,low,low,yes,same,False,False
0.008899999782443,0.0066967508755624,0.0022032489068806,low,low,yes,same,False,False
0.1757400035858154,0.3058112263679504,0.13007122278213498,medium,medium,yes,same,False,False
0.0255299992859363,0.0020865567494183,0.023443442536518,low,low,yes,same,False,False
0.0115599995478987,0.0198154971003532,0.0082554975524545,low,low,yes,same,False,False
0.0004299999854993,0.0005189931252971,8.899313979780001e-05,low,low,yes,same,False,True
0.0005300000193528,0.0031203925609588,0.002590392541606,low,low,yes,same,False,False
0.00044999999227,0.0042417459189891,0.0037917459267191,low,low,yes,same,False,False
0.00044999999227,0.0016722589498385,0.0012222589575685,low,low,yes,same,False,False
0.001189999980852,0.0036047112662345,0.0024147112853825,low,low,yes,same,False,False
0.0001699999993434,0.0011257344158366,0.0009557344164931999,low,low,yes,same,False,False
0.0004299999854993,0.0496279150247573,0.049197915039258,low,low,yes,same,False,False
0.0004299999854993,0.0006277600768953,0.00019776009139600004,low,low,yes,same,False,False
0.002820000052452,0.0069054500199854,0.0040854499675334,low,low,yes,same,False,False
0.0003000000142492,0.0033617776352912,0.0030617776210420003,low,low,yes,same,False,False
0.00044999999227,0.0010574677726253,0.0006074677803552999,low,low,yes,same,False,False
0.0003000000142492,0.0012853569351136,0.0009853569208643999,low,low,yes,same,False,False
0.0036299999337643,0.040947712957859,0.0373177130240947,low,low,yes,same,False,False
0.3896499872207641,0.3942085206508636,0.004558533430099487,medium,medium,yes,same,True,True
0.3824999928474426,0.2235508561134338,0.15894913673400882,medium,medium,yes,same,False,False
0.0004199999966658,0.0006400563870556,0.00022005639038979996,low,low,yes,same,False,False
0.0002200000017182,0.004180010408163,0.0039600104064448005,low,low,yes,same,False,False
0.0004299999854993,0.0010708929039537,0.0006408929184544001,low,low,yes,same,False,False
0.4362199902534485,0.2751156091690063,0.1611043810844422,medium,medium,yes,same,False,False
0.0003900000010617,0.0027767494320869,0.0023867494310252,low,low,yes,same,False,False
0.0004299999854993,0.0008437860524281,0.0004137860669288,low,low,yes,same,False,False
0.0004699999990407,0.0060221115127205,0.0055521115136798,low,low,yes,same,False,False
0.0103599997237324,0.1188264712691307,0.1084664715453983,medium,low,no,lower,False,False
0.00044999999227,0.0005656270659528,0.00011562707368280002,low,low,yes,same,False,False
0.8296800255775452,0.1217181459069252,0.70796187967062,medium,high,no,higher,False,False
0.0465000011026859,0.4150702655315399,0.368570264428854,medium,low,no,lower,False,False
0.0001199999969685,0.0034978161565959,0.0033778161596274,low,low,yes,same,False,False
0.0004299999854993,0.0027885325253009,0.0023585325398015997,low,low,yes,same,False,False
0.0003499999875202,0.0009721946553327,0.0006221946678125,low,low,yes,same,False,False
0.0117899999022483,0.1215690076351165,0.1097790077328682,medium,low,no,lower,False,False
5.999999848427251e-05,0.0011596179101616,0.0010996179116773276,low,low,yes,same,False,False
0.0056300000287592,0.0028863965999335,0.0027436034288257005,low,low,yes,same,False,False
0.0115599995478987,0.0198155231773853,0.008255523629486599,low,low,yes,same,False,False
0.0005000000237487,0.0023202830925583,0.0018202830688095997,low,low,yes,same,False,False
0.0001699999993434,0.0037365274038165,0.0035665274044731003,low,low,yes,same,False,False
0.9436500072479248,0.9463487863540648,0.0026987791061400257,high,high,yes,same,True,True
0.0627499967813491,0.0479675754904747,0.014782421290874398,low,low,yes,same,False,False
0.0004299999854993,0.0011679171584546,0.0007379171729553001,low,low,yes,same,False,False
0.0009699999936856,0.003922055941075,0.0029520559473894,low,low,yes,same,False,False
0.0003000000142492,0.0011127308243885,0.0008127308101393,low,low,yes,same,False,False
0.00089999998454,0.6537578105926514,0.6528578106081113,medium,low,no,lower,False,False
0.9399200081825256,0.9434859156608582,0.0035659074783325195,high,high,yes,same,True,True
0.0088499998673796,0.0044516450725495,0.0043983547948300995,low,low,yes,same,False,False
0.0168600007891654,0.0103530548512935,0.0065069459378719,low,low,yes,same,False,False
0.0022799998987466,0.055289939045906,0.053009939147159395,low,low,yes,same,False,False
0.0010999999940395,0.0205781497061252,0.0194781497120857,low,low,yes,same,False,False
0.304390013217926,0.308818906545639,0.004428893327712957,medium,medium,yes,same,True,True
0.0005200000014156,0.2296366095542907,0.22911660955287508,medium,low,no,lower,False,False
0.0016299999551847,0.5309388637542725,0.5293088637990878,medium,low,no,lower,False,False
0.0003900000010617,0.0023374734446406,0.0019474734435789,low,low,yes,same,False,False
0.0009100000024773,0.0059791761450469,0.0050691761425696,low,low,yes,same,False,False
0.0002899999963119,0.002878860104829,0.0025888601085171,low,low,yes,same,False,False
0.000239999993937,0.0038849064148962,0.0036449064209592,low,low,yes,same,False,False
0.0008299999753944,0.0164112206548452,0.0155812206794508,low,low,yes,same,False,False
0.000239999993937,0.003794371150434,0.003554371156497,low,low,yes,same,False,False
0.0001800000027287,0.0025662172120064,0.0023862172092776997,low,low,yes,same,False,False
0.0004299999854993,0.0008547201287001,0.00042472014320079997,low,low,yes,same,False,False
0.0035300001036375,0.0031561660580337,0.0003738340456038002,low,low,yes,same,False,True
0.0011299999896436,0.0036956944968551,0.0025656945072114997,low,low,yes,same,False,False
0.0009599999757483,0.0241259653121233,0.023165965336374997,low,low,yes,same,False,False
0.8607400059700012,0.8710861206054688,0.01034611463546753,high,high,yes,same,True,True
0.9386000037193298,0.9428889751434326,0.004288971424102783,high,high,yes,same,True,True
0.0005799999926239,0.0037079593166708,0.0031279593240469,low,low,yes,same,False,False
0.0009399999980814,0.0036702312063425,0.0027302312082611,low,low,yes,same,False,False
0.1279499977827072,0.4357335567474365,0.3077835589647293,medium,medium,yes,same,False,False
0.0012700000079348,0.0018648036057129,0.0005948035977780999,low,low,yes,same,False,False
0.94964998960495,0.5896275639533997,0.3600224256515503,medium,high,no,higher,False,False
0.0004299999854993,0.0034198637586086,0.0029898637731093,low,low,yes,same,False,False
0.0006500000017695,0.0120386099442839,0.011388609942514399,low,low,yes,same,False,False
0.4248400032520294,0.4357335567474365,0.010893553495407104,medium,medium,yes,same,True,True
0.0004299999854993,0.0025321431457996,0.0021021431603003,low,low,yes,same,False,False
0.0006500000017695,0.0024632611311972,0.0018132611294277,low,low,yes,same,False,False
0.0002800000074785,0.0008476840448565,0.000567684037378,low,low,yes,same,False,False
0.00044999999227,0.0012753055198118,0.0008253055275417999,low,low,yes,same,False,False
0.0021699999924749,0.007996879518032,0.0058268795255571,low,low,yes,same,False,False
0.0004600000102072,0.0014381374930962,0.000978137482889,low,low,yes,same,False,False
0.0004699999990407,0.0031912664417177,0.002721266442677,low,low,yes,same,False,False
0.0001999999949475,0.0072235828265547,0.0070235828316072,low,low,yes,same,False,False
0.0001800000027287,0.0022813091054558,0.0021013091027271,low,low,yes,same,False,False
0.0930399969220161,0.0915422439575195,0.0014977529644965987,low,low,yes,same,True,True
0.0024399999529123,0.0035050217993557,0.0010650218464434004,low,low,yes,same,False,False
0.00044999999227,0.0001371254911646,0.0003128745011054,low,low,yes,same,False,False
0.008899999782443,0.0027184307109564,0.006181569071486599,low,low,yes,same,False,False
0.0004299999854993,0.0030394978821277,0.0026094978966283997,low,low,yes,same,False,False
0.3006699979305267,0.2749404013156891,0.02572959661483759,medium,medium,yes,same,True,True
0.0007399999885819,0.0038206197787076,0.0030806197901257,low,low,yes,same,False,False
0.9331799745559692,0.937428891658783,0.004248917102813721,high,high,yes,same,True,True
0.3208000063896179,0.5309388637542725,0.21013885736465454,medium,medium,yes,same,False,False
0.0257399994879961,0.0024976721033453,0.0232423273846508,low,low,yes,same,False,False
0.3455100059509277,0.3358170390129089,0.009692966938018799,medium,medium,yes,same,True,True
0.0031099999323487,0.0059439004398882,0.0028339005075395,low,low,yes,same,False,False
0.8718600273132324,0.8289944529533386,0.0428655743598938,high,high,yes,same,True,True
0.928629994392395,0.9308496713638306,0.002219676971435547,high,high,yes,same,True,True
0.0002800000074785,0.016310378909111,0.0160303789016325,low,low,yes,same,False,False
0.0019300000276416,0.0056406860239803,0.0037106859963387,low,low,yes,same,False,False
0.0004299999854993,0.0018769304733723,0.0014469304878730002,low,low,yes,same,False,False
0.009519999846816,0.0087133813649415,0.0008066184818745006,low,low,yes,same,True,True
0.0005200000014156,0.0002731489075813,0.0002468510938343,low,low,yes,same,False,False
0.0883300006389617,0.205786794424057,0.11745679378509531,medium,low,no,lower,False,False
0.0003000000142492,0.0028434209525585,0.0025434209383093003,low,low,yes,same,False,False
0.0088499998673796,0.0086251236498355,0.00022487621754409964,low,low,yes,same,True,True
0.1079699993133544,0.0905004888772964,0.01746951043605799,low,medium,no,higher,False,True
0.0422899983823299,0.0209735557436943,0.0213164426386356,low,low,yes,same,False,False
0.8537600040435791,0.0487130507826805,0.8050469532608986,low,high,no,higher,False,False
0.0001400000037392,0.0004266818577889,0.0002866818540497,low,low,yes,same,False,False
0.3610999882221222,0.1203610375523567,0.24073895066976547,medium,medium,yes,same,False,False
0.7954099774360657,0.4090502560138702,0.3863597214221955,medium,high,no,higher,False,False
0.8232899904251099,0.0322064794600009,0.791083510965109,low,high,no,higher,False,False
0.0002500000118743,0.1177836656570434,0.11753366564516911,medium,low,no,lower,False,False
0.0006300000241026,0.0017843276727944,0.0011543276486918,low,low,yes,same,False,False
0.0005000000237487,0.0007116259657777,0.00021162594202900006,low,low,yes,same,False,False
0.0117899999022483,0.0477754361927509,0.035985436290502604,low,low,yes,same,False,False
0.0003900000010617,0.0042733238078653,0.0038833238068035998,low,low,yes,same,False,False
0.0004299999854993,0.0021604760549962,0.0017304760694969,low,low,yes,same,False,False
0.0020500000100582,0.0029840741772204,0.0009340741671621999,low,low,yes,same,False,False
0.0004299999854993,0.0009701128001324,0.0005401128146331,low,low,yes,same,False,False
0.0102099999785423,0.007784177083522,0.0024258228950203003,low,low,yes,same,False,False
0.0005499999970197,0.0045743007212877,0.0040243007242679995,low,low,yes,same,False,False
0.0004299999854993,0.0025730808265507,0.0021430808410514,low,low,yes,same,False,False
0.0003499999875202,0.0023737349547445,0.0020237349672243003,low,low,yes,same,False,False
0.0003600000054575,0.0017069489695131,0.0013469489640556,low,low,yes,same,False,False
0.0009100000024773,0.0015704220859333,0.0006604220834559998,low,low,yes,same,False,False
0.0039099999703466,0.1018058359622955,0.0978958359919489,medium,low,no,lower,False,False
0.0004199999966658,0.0287641491740942,0.0283441491774284,low,low,yes,same,False,False
0.0039099999703466,0.0044592279009521,0.0005492279306055,low,low,yes,same,False,True
0.928629994392395,0.9308496713638306,0.002219676971435547,high,high,yes,same,True,True
0.0019099999917671,0.0198526140302419,0.0179426140384748,low,low,yes,same,False,False
0.2291699945926666,0.2337531894445419,0.004583194851875305,medium,medium,yes,same,True,True
0.000560000014957,0.0032173404470086,0.0026573404320515996,low,low,yes,same,False,False
0.0003699999942909,0.0076120989397168,0.0072420989454259005,low,low,yes,same,False,False
0.0005000000237487,0.0018623343203216,0.0013623342965729001,low,low,yes,same,False,False
0.1456699967384338,0.1379351168870926,0.00773487985134122,medium,medium,yes,same,True,True
0.0003000000142492,0.0001838162861531,0.0001161837280961,low,low,yes,same,False,False
0.0883300006389617,0.0642044097185134,0.02412559092044829,low,low,yes,same,False,False
0.0117800002917647,0.0104450806975364,0.001334919594228299,low,low,yes,same,False,True
0.585070013999939,0.5068985223770142,0.0781714916229248,medium,medium,yes,same,False,True
0.0002300000051036,0.0051764207892119,0.0049464207841083,low,low,yes,same,False,False
0.0004199999966658,0.0012780590914189,0.0008580590947531,low,low,yes,same,False,False
0.9436600208282472,0.9461870789527892,0.0025270581245420143,high,high,yes,same,True,True
0.9747999906539916,0.968001127243042,0.006798863410949596,high,high,yes,same,True,True
0.0004299999854993,0.0020245825871825,0.0015945826016832002,low,low,yes,same,False,False
0.0006999999750405,0.0031683396082371,0.0024683396331966,low,low,yes,same,False,False
0.0007500000065192,0.5386924743652344,0.5379424743587152,medium,low,no,lower,False,False
0.00044999999227,0.0013767691561952,0.0009267691639251998,low,low,yes,same,False,False
0.0133899999782443,0.0106436144560575,0.0027463855221867995,low,low,yes,same,False,False
0.0256900005042552,0.0204576049000024,0.005232395604252801,low,low,yes,same,False,False
0.0003800000122282,0.0023807666730135,0.0020007666607853,low,low,yes,same,False,False
0.0009100000024773,0.0023761121556162,0.0014661121531389,low,low,yes,same,False,False
0.0003800000122282,0.0016493126749992,0.001269312662771,low,low,yes,same,False,False
0.0103599997237324,0.1350432187318802,0.12468321900814779,medium,low,no,lower,False,False
0.0018400000408291,0.0008908687159419,0.0009491313248871999,low,low,yes,same,False,False
0.0014600000577047,0.0069196014665067,0.005459601408802,low,low,yes,same,False,False
0.0004299999854993,0.0026074091438204,0.0021774091583210997,low,low,yes,same,False,False
0.0455100014805793,0.0433118790388107,0.0021981224417685977,low,low,yes,same,True,True
0.0272199995815753,0.0249163005501031,0.002303699031472199,low,low,yes,same,True,True
0.0002500000118743,0.0153308026492595,0.0150808026373852,low,low,yes,same,False,False
0.0417499989271163,0.0399249121546745,0.0018250867724417946,low,low,yes,same,True,True
0.0003000000142492,0.0009595937444828,0.0006595937302335999,low,low,yes,same,False,False
0.0007500000065192,0.0232876073569059,0.0225376073503867,low,low,yes,same,False,False
0.8487799763679504,0.8711150288581848,0.022335052490234375,high,high,yes,same,True,True
0.017009999603033,0.0120457177981734,0.0049642818048596,low,low,yes,same,False,False
0.9441800117492676,0.7080104351043701,0.23616957664489746,high,high,yes,same,False,False
0.00044999999227,0.0043973815627396,0.0039473815704696,low,low,yes,same,False,False
0.0003900000010617,0.0014065586728975,0.0010165586718358,low,low,yes,same,False,False
0.00044999999227,0.002856915583834,0.002406915591564,low,low,yes,same,False,False
0.0007699999841861,0.0075689731165766,0.006798973132390499,low,low,yes,same,False,False
0.008899999782443,0.006484511308372,0.002415488474071,low,low,yes,same,False,False
0.0008900000248104,0.0005240355967544,0.000365964428056,low,low,yes,same,False,False
0.0013699999544769,0.0027667838148772,0.0013967838604003,low,low,yes,same,False,False
0.0469800010323524,0.0477053374052047,0.0007253363728522977,low,low,yes,same,True,True
0.0004299999854993,0.0034246873110532,0.0029946873255539,low,low,yes,same,False,False
0.0002200000017182,0.0040421355515718,0.0038221355498536,low,low,yes,same,False,False
0.0250799991190433,0.272331029176712,0.24725103005766869,medium,low,no,lower,False,False
0.0028999999631196,0.007996879518032,0.005096879554912399,low,low,yes,same,False,False
0.0002500000118743,0.0421244613826274,0.0418744613707531,low,low,yes,same,False,False
0.005719999782741,0.0076454365625977,0.0019254367798566992,low,low,yes,same,False,False
0.0001100000008591,0.0032709499355405,0.0031609499346814,low,low,yes,same,False,False
0.9149500131607056,0.0647939890623092,0.8501560240983964,low,high,no,higher,False,False
0.0033799998927861,0.0057426779530942,0.0023626780603080997,low,low,yes,same,False,False
0.0007399999885819,0.0029522774275392,0.0022122774389572997,low,low,yes,same,False,False
0.0155899999663233,0.0139021826907992,0.0016878172755240995,low,low,yes,same,False,True
0.0005399999790824,0.0028985992539674,0.002358599274885,low,low,yes,same,False,False
0.240799993276596,0.0045391707681119,0.23626082250848413,low,medium,no,higher,False,False
0.0190999992191791,0.0199484340846538,0.0008484348654746975,low,low,yes,same,True,True
0.0022599999792873,0.0263284519314765,0.0240684519521892,low,low,yes,same,False,False
0.2327599972486496,0.2560198009014129,0.02325980365276331,medium,medium,yes,same,True,True
0.0005099999834783,0.0158906280994415,0.015380628115963201,low,low,yes,same,False,False
0.0670100003480911,0.0111601939424872,0.0558498064056039,low,low,yes,same,False,False
0.0041600000113248,0.2555008828639984,0.2513408828526736,medium,low,no,lower,False,False
0.0010600000387057,0.0015976394060999,0.0005376393673941998,low,low,yes,same,False,False
0.9437400102615356,0.8001569509506226,0.14358305931091309,high,high,yes,same,False,True
0.0001199999969685,0.0096878269687294,0.0095678269717609,low,low,yes,same,False,False
0.0204799994826316,0.0008361851796507,0.0196438143029809,low,low,yes,same,False,False
0.0024600001052021,0.0031561660580337,0.0006961659528316,low,low,yes,same,False,False
0.0137099996209144,0.0016877338057383,0.012022265815176101,low,low,yes,same,False,False
0.0005300000193528,0.0242048352956771,0.0236748352763243,low,low,yes,same,False,False
0.9321699738502502,0.6227115988731384,0.3094583749771118,medium,high,no,higher,False,False
0.9442700147628784,0.029693504795432,0.9145765099674464,low,high,no,higher,False,False
0.0011500000255182,0.0024335030466318,0.0012835030211136,low,low,yes,same,False,False
0.0023600000422447,0.0029475621413439,0.0005875620990992,low,low,yes,same,False,True
0.0095399999991059,0.0032756889704614,0.006264311028644501,low,low,yes,same,False,False
0.9441800117492676,0.944839358329773,0.0006593465805053711,high,high,yes,same,True,True
0.0022799998987466,0.0800995603203773,0.0778195604216307,low,low,yes,same,False,False
0.0220400001853704,0.0199484340846538,0.0020915661007166013,low,low,yes,same,False,True
0.0004299999854993,0.0107606789097189,0.0103306789242196,low,low,yes,same,False,False
0.0004299999854993,0.0024524796754121,0.0020224796899128,low,low,yes,same,False,False
0.5847100019454956,0.6386202573776245,0.053910255432128906,medium,medium,yes,same,True,True
0.0001800000027287,0.0020516160875558,0.0018716160848270998,low,low,yes,same,False,False
0.0014400000218302,0.0016682841815054,0.00022828415967519997,low,low,yes,same,False,True
0.0001800000027287,0.0022888430394232,0.0021088430366945,low,low,yes,same,False,False
0.00044999999227,0.002733725355938,0.002283725363668,low,low,yes,same,False,False
0.0004299999854993,0.0015198092442005,0.0010898092587012002,low,low,yes,same,False,False
0.0015399999683722,0.0043834373354911,0.0028434373671189,low,low,yes,same,False,False
0.0004299999854993,0.0016320819268003,0.001202081941301,low,low,yes,same,False,False
0.0088499998673796,0.0328628085553646,0.024012808687985002,low,low,yes,same,False,False
0.0255900006741285,0.1617688685655594,0.13617886789143088,medium,low,no,lower,False,False
0.0005300000193528,0.0011992010986432,0.0006692010792903999,low,low,yes,same,False,False
0.0002899999963119,0.0052556223236024,0.0049656223272905,low,low,yes,same,False,False
0.0004299999854993,0.0020916135981678,0.0016616136126685,low,low,yes,same,False,False
0.0001400000037392,0.0059237079694867,0.0057837079657475,low,low,yes,same,False,False
0.0027600000612437,0.0154364546760916,0.0126764546148479,low,low,yes,same,False,False
0.094879999756813,0.0837637111544609,0.0111162886023521,low,low,yes,same,False,True
0.0110799996182322,0.2731419801712036,0.2620619805529714,medium,low,no,lower,False,False
0.0005699999746866,0.0451093576848506,0.044539357710164006,low,low,yes,same,False,False
0.0004600000102072,0.0976801142096519,0.09722011419944471,low,low,yes,same,False,False
0.0007399999885819,0.4357335567474365,0.43499355675885465,medium,low,no,lower,False,False
0.5723099708557129,0.4090502560138702,0.1632597148418427,medium,medium,yes,same,False,False
0.000159999995958,0.0019505565287545,0.0017905565327965,low,low,yes,same,False,False
0.0055399998091161,0.1127821505069732,0.1072421506978571,medium,low,no,lower,False,False
0.6215299963951111,0.5938209295272827,0.02770906686782837,medium,medium,yes,same,True,True
0.0001800000027287,0.0044913021847605,0.004311302182031801,low,low,yes,same,False,False
0.0016199999954551,0.0009583151550032,0.0006616848404519001,low,low,yes,same,False,False
0.0375900007784366,0.1005994826555252,0.0630094818770886,medium,low,no,lower,False,False
0.0003000000142492,0.0050398996099829,0.0047398995957337,low,low,yes,same,False,False
0.0006399999838322,0.0029522774275392,0.0023122774437069997,low,low,yes,same,False,False
0.0784000009298324,0.0243595298379659,0.05404047109186651,low,low,yes,same,False,False
0.0009200000204145,0.0050956946797668,0.0041756946593523,low,low,yes,same,False,False
0.0006000000284984,0.0504549220204353,0.0498549219919369,low,low,yes,same,False,False
0.0003100000030826,0.2489174604415893,0.2486074604385067,medium,low,no,lower,False,False
0.0022799998987466,0.0800995603203773,0.0778195604216307,low,low,yes,same,False,False
0.0003399999986868,0.0024443774018436,0.0021043774031567998,low,low,yes,same,False,False
0.0023199999704957,0.0029685772024095,0.0006485772319138002,low,low,yes,same,False,False
0.5723000168800354,0.5068985223770142,0.06540149450302124,medium,medium,yes,same,False,True
0.9436399936676024,0.2531446516513824,0.6904953420162201,medium,high,no,higher,False,False
0.0004199999966658,0.0137833096086978,0.013363309612032,low,low,yes,same,False,False
0.9411500096321106,0.6930884718894958,0.24806153774261475,medium,high,no,higher,False,False
0.0029500001110136,0.5121829509735107,0.5092329508624971,medium,low,no,lower,False,False
0.0088499998673796,0.0493748746812343,0.040524874813854694,low,low,yes,same,False,False
0.0004299999854993,0.0025548476260155,0.0021248476405162,low,low,yes,same,False,False
0.0002500000118743,0.0015120935859158,0.0012620935740415,low,low,yes,same,False,False
0.0004299999854993,0.002173971850425,0.0017439718649257003,low,low,yes,same,False,False
0.0356200002133846,0.0802218914031982,0.0446018911898136,low,low,yes,same,False,False
0.0003499999875202,0.0076033538207411,0.0072533538332209,low,low,yes,same,False,False
0.0005900000105611,0.0339951589703559,0.033405158959794796,low,low,yes,same,False,False
0.0377900004386901,0.0336794666945934,0.0041105337440967005,low,low,yes,same,False,True
0.0079300003126263,0.0045366375707089,0.0033933627419173995,low,low,yes,same,False,False
0.0025700000114738,0.0039197169244289,0.0013497169129551,low,low,yes,same,False,False
0.0154699999839067,0.0161005463451147,0.0006305463612080002,low,low,yes,same,True,True
0.0088499998673796,0.0075989686883986,0.0012510311789809998,low,low,yes,same,False,True
0.6723899841308594,0.663370668888092,0.009019315242767334,medium,medium,yes,same,True,True
0.0004299999854993,0.0003785263688769,5.1473616622399964e-05,low,low,yes,same,False,True
0.0004299999854993,0.0074389274232089,0.0070089274377096,low,low,yes,same,False,False
0.0088499998673796,0.0132049154490232,0.0043549155816436005,low,low,yes,same,False,False
0.0025100000202655,0.0014637036947533,0.0010462963255121998,low,low,yes,same,False,False
0.0004299999854993,0.0014513452770188,0.0010213452915195,low,low,yes,same,False,False
0.4979200065135956,0.3635652959346771,0.13435471057891846,medium,medium,yes,same,False,False
0.000560000014957,0.000555508013349,4.492001608000012e-06,low,low,yes,same,True,True
0.4362199902534485,0.2751156091690063,0.1611043810844422,medium,medium,yes,same,False,False
0.0088499998673796,0.0342099256813526,0.025359925813973002,low,low,yes,same,False,False
0.0002800000074785,0.0037035015411674,0.0034235015336889,low,low,yes,same,False,False
0.0088499998673796,0.0003733332268893,0.008476666640490299,low,low,yes,same,False,False
0.0001800000027287,0.0010718727717176,0.0008918727689888999,low,low,yes,same,False,False
0.0056199999526143,0.0045747607946395,0.0010452391579747998,low,low,yes,same,False,False
0.0034099998883903,0.0033386978320777,7.130205631260007e-05,low,low,yes,same,True,True
0.011909999884665,0.1698483526706695,0.1579383527860045,medium,low,no,lower,False,False
0.410180002450943,0.4569404721260071,0.04676046967506409,medium,medium,yes,same,False,True
0.0009699999936856,0.0085843410342931,0.0076143410406075,low,low,yes,same,False,False
0.0006300000241026,0.0085163060575723,0.0078863060334697,low,low,yes,same,False,False
0.0146300001069903,0.0116441063582897,0.0029858937487005997,low,low,yes,same,False,False
0.0015000000130385,0.0789717882871627,0.0774717882741242,low,low,yes,same,False,False
0.0001800000027287,0.0018054258543998,0.0016254258516711002,low,low,yes,same,False,False
0.0069900001399219,0.1316906809806823,0.12470068084076039,medium,low,no,lower,False,False
0.0004299999854993,0.0019520201021805,0.0015220201166812,low,low,yes,same,False,False
0.0004199999966658,0.0014789453707635,0.0010589453740976998,low,low,yes,same,False,False
0.0005900000105611,0.0264836493879556,0.0258936493773945,low,low,yes,same,False,False
0.0073799998499453,0.0263284649699926,0.0189484651200473,low,low,yes,same,False,False
0.0060399998910725,0.0029103332199156,0.0031296666711569006,low,low,yes,same,False,False
0.0004199999966658,0.0011734499130398,0.000753449916374,low,low,yes,same,False,False
0.0004400000034365,0.0018566427752375,0.001416642771801,low,low,yes,same,False,False
0.2048700004816055,0.2093956768512725,0.004525676369666998,medium,medium,yes,same,True,True
0.0088499998673796,0.0176354646682739,0.008785464800894302,low,low,yes,same,False,False
0.0417499989271163,0.0399249121546745,0.0018250867724417946,low,low,yes,same,True,True
0.5475299954414368,0.5487244129180908,0.0011944174766540527,medium,medium,yes,same,True,True
0.0028099999763071,0.0044325804337859,0.0016225804574787998,low,low,yes,same,False,False
0.0004299999854993,0.0031296841334551,0.0026996841479558,low,low,yes,same,False,False
0.0004400000034365,0.043814443051815,0.0433744430483785,low,low,yes,same,False,False
0.0375900007784366,0.1005994826555252,0.0630094818770886,medium,low,no,lower,False,False
0.0001800000027287,0.0031735349912196,0.0029935349884908998,low,low,yes,same,False,False
0.0005499999970197,0.0025132009759545,0.0019632009789348,low,low,yes,same,False,False
0.000239999993937,0.0077627948485314,0.0075227948545944,low,low,yes,same,False,False
0.0131799997761845,0.0074914759024977,0.0056885238736868,low,low,yes,same,False,False
0.9539499878883362,0.953971803188324,2.181529998779297e-05,high,high,yes,same,True,True
0.0009299999801442,0.0005562174483202,0.000373782531824,low,low,yes,same,False,False
0.0001900000061141,0.0018466814653947,0.0016566814592806,low,low,yes,same,False,False
0.1023999974131584,0.1145465523004531,0.0121465548872947,medium,medium,yes,same,False,True
0.0054700002074241,0.0123593145981431,0.006889314390719001,low,low,yes,same,False,False
0.0008099999977275,0.2108538597822189,0.21004385978449142,medium,low,no,lower,False,False
0.0630400031805038,0.0589592158794403,0.004080787301063503,low,low,yes,same,True,True
0.0014799999771639,0.0085710920393466,0.007091092062182699,low,low,yes,same,False,False
0.0433200001716613,0.0617422461509704,0.018422245979309096,low,low,yes,same,False,False
0.000560000014957,0.0303309187293052,0.029770918714348202,low,low,yes,same,False,False
0.0004299999854993,0.0032930825836956,0.0028630825981962997,low,low,yes,same,False,False
0.0007699999841861,0.0016108879353851,0.000840887951199,low,low,yes,same,False,False
0.0004299999854993,0.0005146823241375,8.468233863819999e-05,low,low,yes,same,False,True
0.0003900000010617,0.0013349971268326,0.0009449971257709001,low,low,yes,same,False,False
0.0027399999089539,0.0092326328158378,0.0064926329068838995,low,low,yes,same,False,False
0.0022799998987466,0.1884389519691467,0.1861589520704001,medium,low,no,lower,False,False
0.5271599888801575,0.5275129675865173,0.0003529787063598633,medium,medium,yes,same,True,True
0.0513099990785121,0.1403468996286392,0.08903690055012708,medium,low,no,lower,False,False
0.00044999999227,0.0022914644796401,0.0018414644873701001,low,low,yes,same,False,False
0.001120000029914,0.0030205387156456,0.0019005386857316002,low,low,yes,same,False,False
0.6237099766731262,0.2751156091690063,0.34859436750411993,medium,medium,yes,same,False,False
0.0121600003913044,0.007136944681406,0.005023055709898399,low,low,yes,same,False,False
0.680180013179779,0.670242428779602,0.009937584400177002,medium,medium,yes,same,True,True
0.008390000090003,0.0063277916051447,0.0020622084848582996,low,low,yes,same,False,False
0.0001800000027287,0.0022433642297983,0.0020633642270696,low,low,yes,same,False,False
0.0001800000027287,0.0031752430368214,0.0029952430340927,low,low,yes,same,False,False
0.0876300036907196,0.0547311827540397,0.0328988209366799,low,low,yes,same,False,False
0.0003000000142492,0.0009351972839795,0.0006351972697303,low,low,yes,same,False,False
0.0004299999854993,0.0022893100976943,0.001859310112195,low,low,yes,same,False,False
0.0007600000244565,0.0009655429166741,0.0002055428922176,low,low,yes,same,False,False
0.0002800000074785,0.0010153140174224,0.0007353140099438999,low,low,yes,same,False,False
0.0004299999854993,0.0496279150247573,0.049197915039258,low,low,yes,same,False,False
0.0041499999351799,0.0035009672865271,0.0006490326486528002,low,low,yes,same,False,True
0.0023199999704957,0.0020276478026062,0.0002923521678895001,low,low,yes,same,False,True
0.9260200262069702,0.9236980080604552,0.0023220181465150036,high,high,yes,same,True,True
0.0004299999854993,0.00099157623481,0.0005615762493107002,low,low,yes,same,False,False
0.0002099999983329,0.0009179507615044,0.0007079507631714999,low,low,yes,same,False,False
0.1164899989962577,0.2192624509334564,0.1027724519371987,medium,medium,yes,same,False,False
0.0002600000007078,0.0015444020973518,0.0012844020966440001,low,low,yes,same,False,False
0.0005300000193528,0.0031203925609588,0.002590392541606,low,low,yes,same,False,False
0.0088499998673796,0.0009698083158582,0.0078801915515214,low,low,yes,same,False,False
0.9415000081062316,0.9445429444313048,0.003042936325073242,high,high,yes,same,True,True
0.0088499998673796,0.0013747290940955,0.007475270773284099,low,low,yes,same,False,False
0.0173599999397993,0.0110984379425644,0.006261561997234898,low,low,yes,same,False,False
0.0490599982440471,0.0428514145314693,0.006208583712577799,low,low,yes,same,False,True
0.0376800000667572,0.0274003241211175,0.0102796759456397,low,low,yes,same,False,False
0.0244600009173154,0.0077916788868606,0.016668322030454798,low,low,yes,same,False,False
0.0010900000343099,0.0057045952416956,0.0046145952073857,low,low,yes,same,False,False
0.0003499999875202,0.0348458439111709,0.034495843923650696,low,low,yes,same,False,False
0.5241000056266785,0.0370672382414341,0.48703276738524437,low,medium,no,higher,False,False
0.0263400003314018,0.0121231731027364,0.0142168272286654,low,low,yes,same,False,False
0.0003900000010617,0.0174568090587854,0.0170668090577237,low,low,yes,same,False,False
0.0362400002777576,0.112782210111618,0.0765422098338604,medium,low,no,lower,False,False
0.4220100045204162,0.1188264712691307,0.3031835332512855,medium,medium,yes,same,False,False
0.1507599949836731,0.2192624509334564,0.0685024559497833,medium,medium,yes,same,False,False
0.0038600000552833,0.1127821505069732,0.1089221504516899,medium,low,no,lower,False,False
0.0088499998673796,0.0279990267008543,0.019149026833474702,low,low,yes,same,False,False
0.0003100000030826,0.0014603489544242,0.0011503489513416,low,low,yes,same,False,False
0.0016499999910593,0.0209135133773088,0.0192635133862495,low,low,yes,same,False,False
0.0004299999854993,0.0036394172348082,0.0032094172493089,low,low,yes,same,False,False
0.0019099999917671,0.0045805275440216,0.0026705275522545006,low,low,yes,same,False,False
0.9299799799919128,0.9378807544708252,0.007900774478912354,high,high,yes,same,True,True
0.6938199996948242,0.0047298572026193,0.6890901424922049,low,medium,no,higher,False,False
0.0034399998839944,0.0035507404245436,0.00011074054054920025,low,low,yes,same,True,True
0.0004299999854993,0.0027991055976599,0.0023691056121606,low,low,yes,same,False,False
0.0004299999854993,0.0012844641460105,0.0008544641605112001,low,low,yes,same,False,False
0.0007399999885819,0.0029522774275392,0.0022122774389572997,low,low,yes,same,False,False
0.0003800000122282,0.0096921557560563,0.0093121557438281,low,low,yes,same,False,False
0.0025700000114738,0.0036654614377766,0.0010954614263028002,low,low,yes,same,False,False
0.925570011138916,0.5309388637542725,0.39463114738464355,medium,high,no,higher,False,False
0.000239999993937,0.0020470707677304,0.0018070707737933998,low,low,yes,same,False,False
0.0051000001840293,0.0050503928214311,4.960736259819985e-05,low,low,yes,same,True,True
0.0004299999854993,0.0005772358272224,0.00014723584172310003,low,low,yes,same,False,False
0.0003800000122282,0.0299623627215623,0.0295823627093341,low,low,yes,same,False,False
0.9692400097846984,0.9643551111221312,0.004884898662567139,high,high,yes,same,True,True
0.9447399973869324,0.944464385509491,0.00027561187744140625,high,high,yes,same,True,True
0.0031900000758469,0.0039162705652415,0.0007262704893945997,low,low,yes,same,False,True
0.5725299715995789,0.627425491809845,0.05489552021026611,medium,medium,yes,same,True,True
0.922659993171692,0.9240345358848572,0.0013745427131651722,high,high,yes,same,True,True
0.7889099717140198,0.0203270334750413,0.7685829382389785,low,high,no,higher,False,False
0.304390013217926,0.2380899488925933,0.06630006432533272,medium,medium,yes,same,False,False
0.1370500028133392,0.3925173580646515,0.25546735525131226,medium,medium,yes,same,False,False
0.0001699999993434,0.126681312918663,0.1265113129193196,medium,low,no,lower,False,False
0.0114700002595782,0.0157028753310441,0.0042328750714659,low,low,yes,same,False,False
0.0013500000350177,0.00401919381693,0.0026691937819123,low,low,yes,same,False,False
0.0002600000007078,0.0141871301457285,0.0139271301450207,low,low,yes,same,False,False
0.0094999996945261,0.0136005235835909,0.004100523889064799,low,low,yes,same,False,False
0.0013899999903514,0.0094225397333502,0.008032539742998801,low,low,yes,same,False,False
0.8540700078010559,0.8582843542098999,0.004214346408843994,high,high,yes,same,True,True
0.9446099996566772,0.179270401597023,0.7653395980596542,medium,high,no,higher,False,False
0.0004799999878741,0.0029563140124082,0.0024763140245341003,low,low,yes,same,False,False
0.0001400000037392,0.0033674812875688,0.0032274812838296,low,low,yes,same,False,False
0.1632699966430664,0.0653220266103744,0.09794797003269201,low,medium,no,higher,False,False
0.0001800000027287,0.0044913021847605,0.004311302182031801,low,low,yes,same,False,False
0.9448500275611876,0.0108293741941452,0.9340206533670424,low,high,no,higher,False,False
0.0263400003314018,0.0121231842786073,0.0142168160527945,low,low,yes,same,False,False
0.0088499998673796,0.0120495604351162,0.0031995605677366014,low,low,yes,same,False,False
0.9088600277900696,0.9135100245475768,0.004649996757507213,high,high,yes,same,True,True
0.0005499999970197,0.0156120415776968,0.0150620415806771,low,low,yes,same,False,False
0.1532499939203262,0.2610281109809875,0.10777811706066129,medium,medium,yes,same,False,False
0.0015399999683722,0.0062956479378044,0.0047556479694321994,low,low,yes,same,False,False
0.7550600171089172,0.5763755440711975,0.17868447303771973,medium,high,no,higher,False,False
7.999999797903001e-05,0.0046676476486027,0.00458764765062367,low,low,yes,same,False,False
0.0007699999841861,0.0006814064690843,8.859351510179996e-05,low,low,yes,same,False,True
0.1946399956941604,0.2749403417110443,0.0803003460168839,medium,medium,yes,same,False,False
0.0031200000084936,0.2751156687736511,0.2719956687651575,medium,low,no,lower,False,False
0.00044999999227,0.0049418341368436,0.0044918341445736,low,low,yes,same,False,False
0.0004299999854993,0.0056934310123324,0.005263431026833101,low,low,yes,same,False,False
0.00044999999227,0.0015685958787798,0.0011185958865097998,low,low,yes,same,False,False
0.7304499745368958,0.3075440227985382,0.42290595173835754,medium,high,no,higher,False,False
0.0019499999471008,0.0045896377414464,0.0026396377943456,low,low,yes,same,False,False
0.0004299999854993,0.0008437828510068,0.00041378286550750005,low,low,yes,same,False,False
